-- MySQL dump 10.13  Distrib 8.0.17, for Win64 (x86_64)
--
-- Host: 121.126.197.100    Database: lkloan
-- ------------------------------------------------------
-- Server version	5.7.26-0ubuntu0.18.04.1

/*!40101 SET @OLD_CHARACTER_SET_CLIENT=@@CHARACTER_SET_CLIENT */;
/*!40101 SET @OLD_CHARACTER_SET_RESULTS=@@CHARACTER_SET_RESULTS */;
/*!40101 SET @OLD_COLLATION_CONNECTION=@@COLLATION_CONNECTION */;
/*!50503 SET NAMES utf8 */;
/*!40103 SET @OLD_TIME_ZONE=@@TIME_ZONE */;
/*!40103 SET TIME_ZONE='+00:00' */;
/*!40014 SET @OLD_UNIQUE_CHECKS=@@UNIQUE_CHECKS, UNIQUE_CHECKS=0 */;
/*!40014 SET @OLD_FOREIGN_KEY_CHECKS=@@FOREIGN_KEY_CHECKS, FOREIGN_KEY_CHECKS=0 */;
/*!40101 SET @OLD_SQL_MODE=@@SQL_MODE, SQL_MODE='NO_AUTO_VALUE_ON_ZERO' */;
/*!40111 SET @OLD_SQL_NOTES=@@SQL_NOTES, SQL_NOTES=0 */;

--
-- Table structure for table `helpinfo`
--

DROP TABLE IF EXISTS `helpinfo`;
/*!40101 SET @saved_cs_client     = @@character_set_client */;
/*!50503 SET character_set_client = utf8mb4 */;
CREATE TABLE `helpinfo` (
  `id` varchar(160) NOT NULL COMMENT '화면주소ID',
  `title` varchar(80) NOT NULL COMMENT '제목',
  `sequence` int(11) NOT NULL COMMENT '순번',
  `content` text NOT NULL COMMENT '내용',
  `useFlg` char(1) DEFAULT 'Y' COMMENT '사용여부',
  `createDate` timestamp NOT NULL DEFAULT CURRENT_TIMESTAMP COMMENT '최초등록일시',
  `updateDate` timestamp NOT NULL DEFAULT '0000-00-00 00:00:00' COMMENT '수정일시',
  `createUser` varchar(20) DEFAULT NULL COMMENT '최초등록자',
  `updateUser` varchar(20) DEFAULT NULL COMMENT '수정자',
  PRIMARY KEY (`id`)
) ENGINE=InnoDB DEFAULT CHARSET=utf8 COMMENT='공통 도움말';
/*!40101 SET character_set_client = @saved_cs_client */;

--
-- Dumping data for table `helpinfo`
--

LOCK TABLES `helpinfo` WRITE;
/*!40000 ALTER TABLE `helpinfo` DISABLE KEYS */;
INSERT INTO `helpinfo` VALUES ('totalInformation.do','종합정보',9,'종합정보 도움말','Y','2019-03-28 04:38:04','2019-03-28 04:38:04','knoone','knoone');
/*!40000 ALTER TABLE `helpinfo` ENABLE KEYS */;
UNLOCK TABLES;

--
-- Table structure for table `infodata`
--

DROP TABLE IF EXISTS `infodata`;
/*!40101 SET @saved_cs_client     = @@character_set_client */;
/*!50503 SET character_set_client = utf8mb4 */;
CREATE TABLE `infodata` (
  `info_id` int(11) NOT NULL AUTO_INCREMENT,
  `revisedDay` int(11) DEFAULT '0' COMMENT '보정일',
  `revisedPrice` bigint(11) DEFAULT '0' COMMENT '보정금액',
  `createDate` varchar(50) DEFAULT '0' COMMENT '작성일',
  `updateDate` varchar(50) DEFAULT '0' COMMENT '수정일',
  `createUser` varchar(50) DEFAULT '0' COMMENT '작성자',
  `updateUser` varchar(50) DEFAULT '0' COMMENT '수정자',
  PRIMARY KEY (`info_id`)
) ENGINE=InnoDB AUTO_INCREMENT=4 DEFAULT CHARSET=utf8 COMMENT='보정일등 관리할 필요가 있는 공통 데이타';
/*!40101 SET character_set_client = @saved_cs_client */;

--
-- Dumping data for table `infodata`
--

LOCK TABLES `infodata` WRITE;
/*!40000 ALTER TABLE `infodata` DISABLE KEYS */;
INSERT INTO `infodata` VALUES (3,14,10000,'2019-03-28 14:16:06','2019-03-28 14:16:06','lklk','lklk');
/*!40000 ALTER TABLE `infodata` ENABLE KEYS */;
UNLOCK TABLES;

--
-- Table structure for table `loan_history`
--

DROP TABLE IF EXISTS `loan_history`;
/*!40101 SET @saved_cs_client     = @@character_set_client */;
/*!50503 SET character_set_client = utf8mb4 */;
CREATE TABLE `loan_history` (
  `loan_history_id` bigint(11) NOT NULL AUTO_INCREMENT COMMENT '대출histroy key',
  `loan_history_day` char(10) DEFAULT NULL COMMENT '거래일자',
  `transaction_type_code` char(4) DEFAULT NULL COMMENT '대출history 종류',
  `transaction_type_note` text COMMENT '대출history 비고',
  `cnum` varchar(11) DEFAULT NULL COMMENT '고객정보',
  `loan_num` varchar(11) DEFAULT NULL COMMENT '대출정보 key',
  `pled_num` varchar(11) DEFAULT NULL COMMENT '질권정보 key',
  `ov_id` int(11) DEFAULT NULL COMMENT '연체정보 key',
  `repay_count` varchar(11) DEFAULT NULL COMMENT '납입회차',
  `prev_loanstatus` char(6) DEFAULT NULL COMMENT '이전 대출상태',
  `prev_loan_div` char(6) DEFAULT NULL COMMENT '이전 대출구분',
  `prev_loan_cost` varchar(11) DEFAULT NULL COMMENT '이전 대출금액',
  `prev_loan_irt` varchar(9) DEFAULT NULL COMMENT '이전 금리',
  `prev_irt_day` varchar(2) DEFAULT NULL COMMENT '이전 이자일',
  `prev_loan_overdue_irt` varchar(9) DEFAULT NULL COMMENT '이전 연체금리',
  `prev_loan_repay` char(6) DEFAULT NULL COMMENT '이전 상환방식',
  `prev_trading` varchar(120) DEFAULT NULL COMMENT '이전 매매건',
  `prev_re_boolen` char(6) DEFAULT NULL COMMENT '이전 동시진행',
  `prev_manager` varchar(125) DEFAULT NULL COMMENT '이전 담당자',
  `prev_account` varchar(125) DEFAULT NULL COMMENT '이전 거래처',
  `prev_extra_pay` varchar(11) DEFAULT NULL COMMENT '이전 수당',
  `prev_loan_handday` char(10) DEFAULT NULL COMMENT '이전 자서일',
  `prev_loan_sday` char(10) DEFAULT NULL COMMENT '이전 기표일',
  `prev_loan_term` varchar(2) DEFAULT NULL COMMENT '이전 대출기간',
  `prev_loan_eday` char(10) DEFAULT NULL COMMENT '이전 만기일',
  `prev_loan_rday` char(10) DEFAULT NULL COMMENT '이전 상환일',
  `prev_commission_kbn` char(4) DEFAULT NULL COMMENT '이전 중도상환수수료',
  `prev_commission1_irt` varchar(8) DEFAULT NULL,
  `prev_commission2_irt` varchar(8) DEFAULT NULL,
  `prev_commission3_irt` varchar(8) DEFAULT NULL,
  `prev_commission1_day` varchar(3) DEFAULT NULL,
  `prev_commission2_day` varchar(3) DEFAULT NULL,
  `prev_commission3_day` varchar(3) DEFAULT NULL,
  `prev_loan_memo` varchar(255) DEFAULT NULL COMMENT '이전 메모',
  `prev_sub_loan_num` varchar(11) DEFAULT NULL COMMENT '이전 연결대출번호',
  `prev_pledge_cost` varchar(11) DEFAULT NULL COMMENT '이전 질권대출금액',
  `prev_pledge_irt` varchar(8) DEFAULT NULL COMMENT '이전 질권금리',
  `prev_pledge_irt_day` varchar(2) DEFAULT NULL COMMENT '이전 질권이자일',
  `prev_pledge_finance_inst` varchar(120) DEFAULT NULL COMMENT '이전 질권금융기관',
  `prev_pledge_sday` char(10) DEFAULT NULL COMMENT '이전 질권기표일',
  `prev_pledge_term` varchar(3) DEFAULT NULL COMMENT '이전 질권대출기간',
  `prev_pledge_eday` char(10) DEFAULT NULL COMMENT '이전 질권만기일',
  `prev_pledge_rday` char(10) DEFAULT NULL COMMENT '이전 질권상환일',
  `prev_pledge_commission_charge` varchar(11) DEFAULT NULL COMMENT '이전 질권중도상환수수료',
  `prev_pledge_ltv` varchar(5) DEFAULT NULL COMMENT '이전 질권 LTV',
  `prev_pledge_unpaid_cost` varchar(11) DEFAULT NULL COMMENT '이전 질권미회수금액',
  `prev_pledge_memo` varchar(255) DEFAULT NULL COMMENT '이전 질권메모',
  `prev_re_calterm_sday` char(10) DEFAULT NULL COMMENT '이전 납입회차이자시작일',
  `prev_re_calterm_eday` char(10) DEFAULT NULL COMMENT '이전 납입회자이자종료일',
  `prev_re_cal_day` varchar(5) DEFAULT NULL COMMENT '이전 계산일수',
  `prev_re_pay_day` varchar(2) DEFAULT NULL COMMENT '이전 매월 납입일',
  `prev_re_irt_day` char(10) DEFAULT NULL COMMENT '이전 납부스케줄용 납입일',
  `prev_re_normal_irt` varchar(8) DEFAULT NULL COMMENT '이전 정상이자율',
  `prev_re_normal_cost` varchar(11) DEFAULT NULL COMMENT '이전 정상납부할 이자금액',
  `prev_re_overdue_irt` varchar(8) DEFAULT NULL COMMENT '이전 연체이자율',
  `prev_re_pay_cost` varchar(11) DEFAULT NULL COMMENT '이전 납부 할 원금',
  `prev_re_pay_sum_cost` varchar(11) DEFAULT NULL COMMENT '이전 납부 할 이자원금 합 금액',
  `prev_re_balance_cost` varchar(11) DEFAULT NULL COMMENT '이전 대출잔액',
  `prev_re_grade` char(6) DEFAULT NULL COMMENT '이전 상태',
  `prev_mangi_flg` char(1) DEFAULT NULL COMMENT '이전 만기플래그',
  `prev_ov_principal_cost` varchar(11) DEFAULT NULL COMMENT '이전 대출금액',
  `prev_ov_overdue_sday` char(10) DEFAULT NULL COMMENT '이전 연체시작일',
  `prev_ov_normal_cost` varchar(11) DEFAULT NULL COMMENT '이전 정상이자금액',
  `prev_ov_exem_irt` varchar(8) DEFAULT NULL COMMENT '이전 연체이율',
  `prev_ov_exem_cost` varchar(11) DEFAULT NULL COMMENT '이전 연체금액',
  `prev_ov_sum_cost` varchar(11) DEFAULT NULL COMMENT '이전 정상이자+연체금액합계',
  `next_loanstatus` varchar(6) DEFAULT NULL COMMENT '다음 대출상태',
  `next_loan_div` char(6) DEFAULT NULL COMMENT '다음 대출구분',
  `next_loan_cost` varchar(11) DEFAULT NULL COMMENT '다음 대출금액',
  `next_loan_irt` varchar(8) DEFAULT NULL COMMENT '다음 금리',
  `next_irt_day` varchar(2) DEFAULT NULL COMMENT '다음 이자일',
  `next_loan_overdue_irt` varchar(8) DEFAULT NULL COMMENT '다음 연체금리',
  `next_loan_repay` char(6) DEFAULT NULL COMMENT '다음 상환방식',
  `next_trading` varchar(120) DEFAULT NULL COMMENT '다음 매매건',
  `next_re_boolen` char(6) DEFAULT NULL COMMENT '다음 동시진행',
  `next_manager` varchar(125) DEFAULT NULL COMMENT '다음 담당자',
  `next_account` varchar(125) DEFAULT NULL COMMENT '다음 거래처',
  `next_extra_pay` varchar(11) DEFAULT NULL COMMENT '다음 수당',
  `next_loan_handday` char(10) DEFAULT NULL COMMENT '다음 자서일',
  `next_loan_sday` char(10) DEFAULT NULL COMMENT '다음 기표일',
  `next_loan_term` varchar(2) DEFAULT NULL COMMENT '다음 대출기간',
  `next_loan_eday` char(10) DEFAULT NULL COMMENT '다음 만기일',
  `next_loan_rday` char(10) DEFAULT NULL COMMENT '다음 상환일',
  `next_commission_kbn` char(4) DEFAULT NULL COMMENT '다음 중도상환수수료',
  `next_commission1_irt` varchar(8) DEFAULT NULL,
  `next_commission2_irt` varchar(8) DEFAULT NULL,
  `next_commission3_irt` varchar(8) DEFAULT NULL,
  `next_commission1_day` varchar(3) DEFAULT NULL,
  `next_commission2_day` varchar(3) DEFAULT NULL,
  `next_commission3_day` varchar(3) DEFAULT NULL,
  `next_loan_memo` varchar(255) DEFAULT NULL COMMENT '다음 메모',
  `next_sub_loan_num` varchar(11) DEFAULT NULL COMMENT '다음 연결대출번호',
  `next_pledge_cost` varchar(11) DEFAULT NULL COMMENT '다음 질권대출금액',
  `next_pledge_irt` varchar(8) DEFAULT NULL COMMENT '다음 질권금리',
  `next_pledge_irt_day` varchar(2) DEFAULT NULL COMMENT '다음 질권이자일',
  `next_pledge_finance_inst` varchar(120) DEFAULT NULL COMMENT '다음 질권금융기관',
  `next_pledge_sday` char(10) DEFAULT NULL COMMENT '다음 질권기표일',
  `next_pledge_term` varchar(3) DEFAULT NULL COMMENT '다음 질권대출기간',
  `next_pledge_eday` char(10) DEFAULT NULL COMMENT '다음 질권만기일',
  `next_pledge_rday` char(10) DEFAULT NULL COMMENT '다음 질권상환일',
  `next_pledge_commission_charge` varchar(11) DEFAULT NULL COMMENT '다음 질권중도상환수수료',
  `next_pledge_ltv` varchar(5) DEFAULT NULL COMMENT '다음 질권 LTV',
  `next_pledge_unpaid_cost` varchar(11) DEFAULT NULL COMMENT '다음 질권미회수금액',
  `next_pledge_memo` varchar(255) DEFAULT NULL COMMENT '다음 질권메모',
  `next_re_calterm_sday` char(10) DEFAULT NULL COMMENT '다음 납입회차이자시작일',
  `next_re_calterm_eday` char(10) DEFAULT NULL COMMENT '다음 납입회자이자종료일',
  `next_re_cal_day` varchar(5) DEFAULT NULL COMMENT '다음 계산일수',
  `next_re_pay_day` varchar(2) DEFAULT NULL COMMENT '다음 매월 납입일',
  `next_re_irt_day` char(10) DEFAULT NULL COMMENT '다음 납부스케줄용 납입일',
  `next_re_normal_irt` varchar(8) DEFAULT NULL COMMENT '다음 정상이자율',
  `next_re_normal_cost` varchar(11) DEFAULT NULL COMMENT '다음 정상납부할 이자금액',
  `next_re_overdue_irt` varchar(8) DEFAULT NULL COMMENT '다음 연체이자율',
  `next_re_pay_cost` varchar(11) DEFAULT NULL COMMENT '다음 납부 할 원금',
  `next_re_pay_sum_cost` varchar(11) DEFAULT NULL COMMENT '다음 납부 할 이자원금 합 금액',
  `next_re_balance_cost` varchar(11) DEFAULT NULL COMMENT '다음 대출잔액',
  `next_re_grade` char(6) DEFAULT NULL COMMENT '다음 상태',
  `next_mangi_flg` char(1) DEFAULT NULL COMMENT '다음 만기플래그',
  `next_ov_principal_cost` varchar(11) DEFAULT NULL COMMENT '다음 연체 대출금액',
  `next_ov_overdue_sday` varchar(10) DEFAULT NULL COMMENT '다음 연체시작일',
  `next_ov_normal_cost` varchar(11) DEFAULT NULL COMMENT '다음 정상이자금액',
  `next_ov_exem_irt` varchar(8) DEFAULT NULL COMMENT '다음 연체이율',
  `next_ov_exem_cost` varchar(11) DEFAULT NULL COMMENT '다음 연체금액',
  `next_ov_sum_cost` varchar(11) DEFAULT NULL COMMENT '다음 정상이자+연체금액합계',
  `del_fig` char(1) DEFAULT 'N' COMMENT '삭제여부',
  `createDate` timestamp NOT NULL DEFAULT CURRENT_TIMESTAMP COMMENT '최초등록일시',
  `updateDate` timestamp NOT NULL DEFAULT '0000-00-00 00:00:00' COMMENT '수정일시',
  `createUser` varchar(20) NOT NULL COMMENT '최초등록자',
  `updateUser` varchar(20) NOT NULL COMMENT '수정자',
  PRIMARY KEY (`loan_history_id`)
) ENGINE=InnoDB AUTO_INCREMENT=32 DEFAULT CHARSET=utf8 COMMENT='대출histroy';
/*!40101 SET character_set_client = @saved_cs_client */;

--
-- Dumping data for table `loan_history`
--

LOCK TABLES `loan_history` WRITE;
/*!40000 ALTER TABLE `loan_history` DISABLE KEYS */;
INSERT INTO `loan_history` VALUES (1,'20190404','1104','회차=[1회],수납상태=[연체후입금],정상 이자 금액=[179,375원],연체 이자 금액=[100,898원],이자 수납한 일자=[20170629]','1003','1003',NULL,NULL,'1',NULL,NULL,NULL,NULL,NULL,NULL,NULL,NULL,NULL,NULL,NULL,NULL,NULL,NULL,NULL,NULL,NULL,NULL,NULL,NULL,NULL,NULL,NULL,NULL,NULL,NULL,NULL,NULL,NULL,NULL,NULL,NULL,NULL,NULL,NULL,NULL,NULL,NULL,NULL,NULL,NULL,NULL,NULL,NULL,NULL,NULL,NULL,NULL,NULL,NULL,NULL,NULL,NULL,NULL,NULL,NULL,NULL,NULL,NULL,NULL,NULL,NULL,NULL,NULL,NULL,NULL,NULL,NULL,NULL,NULL,NULL,NULL,NULL,NULL,NULL,NULL,NULL,NULL,NULL,NULL,NULL,NULL,NULL,NULL,NULL,NULL,NULL,NULL,NULL,NULL,NULL,NULL,NULL,NULL,NULL,NULL,NULL,NULL,NULL,NULL,NULL,NULL,NULL,NULL,NULL,NULL,NULL,NULL,NULL,NULL,NULL,NULL,NULL,NULL,'Y','2019-04-04 02:31:14','2019-04-04 02:31:14','lklk','lklk'),(2,'20190404','1101','대출금=[33,000,000원],정상이자율=[15.5%],연체이자율=[27.9%],이자일=[25일], 자서일=[],기표일=[2017-06-09 ],대출기간=[24개월]중도상환수수료=[일수차감형],거래처=[에스엠]수당=[330,000원]','1003','1003',NULL,NULL,NULL,'2','2','33000000','12.4','25','27.9','2','2','1','김대호','에스엠','330000',NULL,'20170609','24','20190609','20190609','kbn2','3.0','0.0','0.0','24','0','0','null',NULL,NULL,NULL,NULL,NULL,NULL,NULL,NULL,NULL,NULL,NULL,NULL,NULL,NULL,NULL,NULL,NULL,NULL,NULL,NULL,NULL,NULL,NULL,NULL,NULL,NULL,NULL,NULL,NULL,NULL,NULL,NULL,NULL,'2','33,000,000','15.5','25','27.9','2','2','1','김대호','에스엠','330,000','','2017-06-09','24','2019-06-09','2019-06-09','kbn2','3',NULL,NULL,'24',NULL,NULL,'','',NULL,NULL,NULL,NULL,NULL,NULL,NULL,NULL,NULL,NULL,NULL,NULL,NULL,NULL,NULL,NULL,NULL,NULL,NULL,NULL,NULL,NULL,NULL,NULL,NULL,NULL,NULL,NULL,NULL,NULL,NULL,'Y','2019-04-04 03:37:36','2019-04-04 03:37:36','lklk','lklk'),(3,'20190404','1101','대출금=[33,000,000원],정상이자율=[13.5%],연체이자율=[27.9%],이자일=[25일], 자서일=[],기표일=[2017-06-09 ],대출기간=[24개월]중도상환수수료=[일수차감형],거래처=[에스엠]수당=[330,000원]','1003','1003',NULL,NULL,NULL,'2','2','33000000','15.5','25','27.9','2','2','1','김대호','에스엠','330000',NULL,'20170609','24','20190609','20190609','kbn2','3.0','0.0','0.0','24','0','0','null',NULL,NULL,NULL,NULL,NULL,NULL,NULL,NULL,NULL,NULL,NULL,NULL,NULL,NULL,NULL,NULL,NULL,NULL,NULL,NULL,NULL,NULL,NULL,NULL,NULL,NULL,NULL,NULL,NULL,NULL,NULL,NULL,NULL,'2','33,000,000','13.5','25','27.9','2','2','1','김대호','에스엠','330,000','','2017-06-09','24','2019-06-09','2019-06-09','kbn2','3',NULL,NULL,'24',NULL,NULL,'','',NULL,NULL,NULL,NULL,NULL,NULL,NULL,NULL,NULL,NULL,NULL,NULL,NULL,NULL,NULL,NULL,NULL,NULL,NULL,NULL,NULL,NULL,NULL,NULL,NULL,NULL,NULL,NULL,NULL,NULL,NULL,'Y','2019-04-04 03:39:48','2019-04-04 03:39:48','lklk','lklk'),(4,'20190404','1000','대출금=[59,000,000원],정상이자율=[14%],연체이자율=[27.9%],이자일=[25일], 자서일=[],기표일=[20170710 ],대출기간=[24개월]중도상환수수료=[일수차감형],거래처=[]수당=[0원]','1007','1007',NULL,NULL,NULL,NULL,NULL,NULL,NULL,NULL,NULL,NULL,NULL,NULL,NULL,NULL,NULL,NULL,NULL,NULL,NULL,NULL,NULL,NULL,NULL,NULL,NULL,NULL,NULL,NULL,NULL,NULL,NULL,NULL,NULL,NULL,NULL,NULL,NULL,NULL,NULL,NULL,NULL,NULL,NULL,NULL,NULL,NULL,NULL,NULL,NULL,NULL,NULL,NULL,NULL,NULL,NULL,NULL,NULL,NULL,NULL,NULL,'2','2','59000000','14','25','27.9','2','',NULL,'','','','','20170710','24','20190710','20190710','kbn2','3',NULL,NULL,'24',NULL,NULL,'','',NULL,NULL,NULL,NULL,NULL,NULL,NULL,NULL,NULL,NULL,NULL,NULL,NULL,NULL,NULL,NULL,NULL,NULL,NULL,NULL,NULL,NULL,NULL,NULL,NULL,NULL,NULL,NULL,NULL,NULL,NULL,'N','2019-04-04 03:51:25','2019-04-04 03:51:25','lklk','lklk'),(5,'20190404','1101','대출금=[33,000,000원],정상이자율=[15.5%],연체이자율=[27.9%],이자일=[25일], 자서일=[],기표일=[2017-06-09 ],대출기간=[24개월]중도상환수수료=[일수차감형],거래처=[에스엠]수당=[330,000원]','1003','1003',NULL,NULL,NULL,'2','2','33000000','13.5','25','27.9','2','2','1','김대호','에스엠','330000',NULL,'20170609','24','20190609','20190609','kbn2','3.0','0.0','0.0','24','0','0','null',NULL,NULL,NULL,NULL,NULL,NULL,NULL,NULL,NULL,NULL,NULL,NULL,NULL,NULL,NULL,NULL,NULL,NULL,NULL,NULL,NULL,NULL,NULL,NULL,NULL,NULL,NULL,NULL,NULL,NULL,NULL,NULL,NULL,'2','33,000,000','15.5','25','27.9','2','2','1','김대호','에스엠','330,000','','2017-06-09','24','2019-06-09','2019-06-09','kbn2','3',NULL,NULL,'24',NULL,NULL,'','',NULL,NULL,NULL,NULL,NULL,NULL,NULL,NULL,NULL,NULL,NULL,NULL,NULL,NULL,NULL,NULL,NULL,NULL,NULL,NULL,NULL,NULL,NULL,NULL,NULL,NULL,NULL,NULL,NULL,NULL,NULL,'Y','2019-04-04 03:59:22','2019-04-04 03:59:22','lklk','lklk'),(6,'2017-06-20','1105','계산일자=[2017-06-20)],정상이자기간=[2017-06-10~2017-06-20(10일],원금상환금액=[33,000,000원],대출금=[33,000,000원],정상이자율=[15.5%],연체이자율=[27.9%],정상이자금액=[154,150원],정상이자면제금액=[0원],연체이자금액=[0원],연체이자면제금액=[16,345,578원],이자합계금액=[154,150원],중도상환수수료=[975,082원]이자일=[25일], 납입회차=[1회]','1003','1003',NULL,NULL,NULL,'2','2','33000000','15.5','25','27.9','2','2','1','김대호','에스엠','330000',NULL,'20170609','24','20190609','20190609','kbn2','3.0','0.0','0.0','24','0','0','null',NULL,NULL,NULL,NULL,NULL,NULL,NULL,NULL,NULL,NULL,NULL,NULL,NULL,NULL,NULL,NULL,NULL,NULL,NULL,NULL,NULL,NULL,NULL,NULL,NULL,NULL,NULL,NULL,NULL,NULL,NULL,NULL,'5','6','0','0.0','0','0.0',NULL,NULL,NULL,NULL,NULL,'null',NULL,NULL,'0',NULL,NULL,NULL,'0.0','0.0','0.0','0','0','0',NULL,NULL,NULL,NULL,NULL,NULL,NULL,NULL,NULL,NULL,NULL,NULL,NULL,NULL,NULL,NULL,NULL,NULL,NULL,NULL,NULL,NULL,NULL,NULL,NULL,NULL,NULL,NULL,NULL,NULL,NULL,NULL,NULL,'Y','2019-04-04 04:38:34','2019-04-04 04:38:34','lklk','lklk'),(7,'20190404','1004','회차=[1회],수납상태=[입금],정상 이자 금액=[339,452원],연체 이자 금액=[0원],이자 수납한 일자=[20170725]','1007','1007',NULL,NULL,'1',NULL,NULL,NULL,NULL,NULL,NULL,NULL,NULL,NULL,NULL,NULL,NULL,NULL,NULL,NULL,NULL,NULL,NULL,NULL,NULL,NULL,NULL,NULL,NULL,NULL,NULL,NULL,NULL,NULL,NULL,NULL,NULL,NULL,NULL,NULL,NULL,NULL,NULL,NULL,NULL,NULL,NULL,NULL,NULL,NULL,NULL,NULL,NULL,NULL,NULL,NULL,NULL,NULL,NULL,NULL,NULL,NULL,NULL,NULL,NULL,NULL,NULL,NULL,NULL,NULL,NULL,NULL,NULL,NULL,NULL,NULL,NULL,NULL,NULL,NULL,NULL,NULL,NULL,NULL,NULL,NULL,NULL,NULL,NULL,NULL,NULL,NULL,NULL,NULL,NULL,NULL,NULL,NULL,NULL,NULL,NULL,NULL,NULL,NULL,NULL,NULL,NULL,NULL,NULL,NULL,NULL,NULL,NULL,NULL,NULL,NULL,NULL,NULL,NULL,'N','2019-04-04 04:43:20','2019-04-04 04:43:20','lklk','lklk'),(8,'20190404','1004','회차=[2회],수납상태=[입금],정상 이자 금액=[701,534원],연체 이자 금액=[0원],이자 수납한 일자=[20170825]','1007','1007',NULL,NULL,'2',NULL,NULL,NULL,NULL,NULL,NULL,NULL,NULL,NULL,NULL,NULL,NULL,NULL,NULL,NULL,NULL,NULL,NULL,NULL,NULL,NULL,NULL,NULL,NULL,NULL,NULL,NULL,NULL,NULL,NULL,NULL,NULL,NULL,NULL,NULL,NULL,NULL,NULL,NULL,NULL,NULL,NULL,NULL,NULL,NULL,NULL,NULL,NULL,NULL,NULL,NULL,NULL,NULL,NULL,NULL,NULL,NULL,NULL,NULL,NULL,NULL,NULL,NULL,NULL,NULL,NULL,NULL,NULL,NULL,NULL,NULL,NULL,NULL,NULL,NULL,NULL,NULL,NULL,NULL,NULL,NULL,NULL,NULL,NULL,NULL,NULL,NULL,NULL,NULL,NULL,NULL,NULL,NULL,NULL,NULL,NULL,NULL,NULL,NULL,NULL,NULL,NULL,NULL,NULL,NULL,NULL,NULL,NULL,NULL,NULL,NULL,NULL,NULL,NULL,'N','2019-04-04 04:44:10','2019-04-04 04:44:10','lklk','lklk'),(9,'20190404','1004','회차=[3회],수납상태=[입금],정상 이자 금액=[701,534원],연체 이자 금액=[0원],이자 수납한 일자=[20170925]','1007','1007',NULL,NULL,'3',NULL,NULL,NULL,NULL,NULL,NULL,NULL,NULL,NULL,NULL,NULL,NULL,NULL,NULL,NULL,NULL,NULL,NULL,NULL,NULL,NULL,NULL,NULL,NULL,NULL,NULL,NULL,NULL,NULL,NULL,NULL,NULL,NULL,NULL,NULL,NULL,NULL,NULL,NULL,NULL,NULL,NULL,NULL,NULL,NULL,NULL,NULL,NULL,NULL,NULL,NULL,NULL,NULL,NULL,NULL,NULL,NULL,NULL,NULL,NULL,NULL,NULL,NULL,NULL,NULL,NULL,NULL,NULL,NULL,NULL,NULL,NULL,NULL,NULL,NULL,NULL,NULL,NULL,NULL,NULL,NULL,NULL,NULL,NULL,NULL,NULL,NULL,NULL,NULL,NULL,NULL,NULL,NULL,NULL,NULL,NULL,NULL,NULL,NULL,NULL,NULL,NULL,NULL,NULL,NULL,NULL,NULL,NULL,NULL,NULL,NULL,NULL,NULL,NULL,'N','2019-04-04 04:47:44','2019-04-04 04:47:44','lklk','lklk'),(10,'20190404','1004','회차=[4회],수납상태=[입금],정상 이자 금액=[678,904원],연체 이자 금액=[0원],이자 수납한 일자=[20171025]','1007','1007',NULL,NULL,'4',NULL,NULL,NULL,NULL,NULL,NULL,NULL,NULL,NULL,NULL,NULL,NULL,NULL,NULL,NULL,NULL,NULL,NULL,NULL,NULL,NULL,NULL,NULL,NULL,NULL,NULL,NULL,NULL,NULL,NULL,NULL,NULL,NULL,NULL,NULL,NULL,NULL,NULL,NULL,NULL,NULL,NULL,NULL,NULL,NULL,NULL,NULL,NULL,NULL,NULL,NULL,NULL,NULL,NULL,NULL,NULL,NULL,NULL,NULL,NULL,NULL,NULL,NULL,NULL,NULL,NULL,NULL,NULL,NULL,NULL,NULL,NULL,NULL,NULL,NULL,NULL,NULL,NULL,NULL,NULL,NULL,NULL,NULL,NULL,NULL,NULL,NULL,NULL,NULL,NULL,NULL,NULL,NULL,NULL,NULL,NULL,NULL,NULL,NULL,NULL,NULL,NULL,NULL,NULL,NULL,NULL,NULL,NULL,NULL,NULL,NULL,NULL,NULL,NULL,'N','2019-04-04 04:49:47','2019-04-04 04:49:47','lklk','lklk'),(11,'20190404','1104','회차=[5회],수납상태=[연체후입금],연체일=[20171126~20171129],정상 이자 금액=[701,534원],연체 이자 금액=[180,394원],이자 수납한 일자=[20171129]','1007','1007',NULL,NULL,'5',NULL,NULL,NULL,NULL,NULL,NULL,NULL,NULL,NULL,NULL,NULL,NULL,NULL,NULL,NULL,NULL,NULL,NULL,NULL,NULL,NULL,NULL,NULL,NULL,NULL,NULL,NULL,NULL,NULL,NULL,NULL,NULL,NULL,NULL,NULL,NULL,NULL,NULL,NULL,NULL,NULL,NULL,NULL,NULL,NULL,NULL,NULL,NULL,NULL,NULL,NULL,NULL,NULL,NULL,NULL,NULL,NULL,NULL,NULL,NULL,NULL,NULL,NULL,NULL,NULL,NULL,NULL,NULL,NULL,NULL,NULL,NULL,NULL,NULL,NULL,NULL,NULL,NULL,NULL,NULL,NULL,NULL,NULL,NULL,NULL,NULL,NULL,NULL,NULL,NULL,NULL,NULL,NULL,NULL,NULL,NULL,NULL,NULL,NULL,NULL,NULL,NULL,NULL,NULL,NULL,NULL,NULL,NULL,NULL,NULL,NULL,NULL,NULL,NULL,'Y','2019-04-04 04:51:48','2019-04-04 04:51:48','lklk','lklk'),(12,'20190404','1000','대출금=[5,000,000원],정상이자율=[12%],연체이자율=[24%],이자일=[5일], 자서일=[20190304],기표일=[20190305 ],대출기간=[24개월]중도상환수수료=[혼합형],거래처=[12]수당=[500원]','1008','1008',NULL,NULL,NULL,NULL,NULL,NULL,NULL,NULL,NULL,NULL,NULL,NULL,NULL,NULL,NULL,NULL,NULL,NULL,NULL,NULL,NULL,NULL,NULL,NULL,NULL,NULL,NULL,NULL,NULL,NULL,NULL,NULL,NULL,NULL,NULL,NULL,NULL,NULL,NULL,NULL,NULL,NULL,NULL,NULL,NULL,NULL,NULL,NULL,NULL,NULL,NULL,NULL,NULL,NULL,NULL,NULL,NULL,NULL,NULL,NULL,'2','2','5000000','12','5','24','2','2',NULL,'ttt','12','500','20190304','20190305','24','20210305','20210305','kbn1','4',NULL,NULL,NULL,NULL,NULL,'ㅅㅅㅅㅅㅅ','',NULL,NULL,NULL,NULL,NULL,NULL,NULL,NULL,NULL,NULL,NULL,NULL,NULL,NULL,NULL,NULL,NULL,NULL,NULL,NULL,NULL,NULL,NULL,NULL,NULL,NULL,NULL,NULL,NULL,NULL,NULL,'N','2019-04-04 06:23:23','2019-04-04 06:23:23','knoone','knoone'),(13,'20190404','1101','대출금=[5,000,000원],정상이자율=[15%],연체이자율=[24%],이자일=[5일], 자서일=[2019-03-04],기표일=[2019-03-05 ],대출기간=[24개월]중도상환수수료=[혼합형],거래처=[12]수당=[500원]','1008','1008',NULL,NULL,NULL,'2','2','5000000','12.0','5','24.0','2','2',NULL,'ttt','12','500','20190304','20190305','24','20210305','20210305','kbn1','4.0','0.0','0.0','0','0','0','ㅅㅅㅅㅅㅅ',NULL,NULL,NULL,NULL,NULL,NULL,NULL,NULL,NULL,NULL,NULL,NULL,NULL,NULL,NULL,NULL,NULL,NULL,NULL,NULL,NULL,NULL,NULL,NULL,NULL,NULL,NULL,NULL,NULL,NULL,NULL,NULL,NULL,'2','5,000,000','15','5','24','2','2',NULL,'ttt','12','500','2019-03-04','2019-03-05','24','2021-03-05','2021-03-05','kbn1','4',NULL,NULL,NULL,NULL,NULL,'ㅅㅅㅅㅅㅅ','',NULL,NULL,NULL,NULL,NULL,NULL,NULL,NULL,NULL,NULL,NULL,NULL,NULL,NULL,NULL,NULL,NULL,NULL,NULL,NULL,NULL,NULL,NULL,NULL,NULL,NULL,NULL,NULL,NULL,NULL,NULL,'Y','2019-04-04 06:23:57','2019-04-04 06:23:57','knoone','knoone'),(14,'20190404','1101','대출금=[0원],정상이자율=[13%],연체이자율=[27.9%],이자일=[25일], 자서일=[],기표일=[2017-06-09 ],대출기간=[24개월]중도상환수수료=[일수차감형],거래처=[에스엠]수당=[330,000원]','1003','1003',NULL,NULL,NULL,'5','6','0','15.5','25','27.9','2','2','1','김대호','에스엠','330000',NULL,'20170609','24','20190609','20190609','kbn2','3.0','0.0','0.0','24','0','0','null',NULL,NULL,NULL,NULL,NULL,NULL,NULL,NULL,NULL,NULL,NULL,NULL,NULL,NULL,NULL,NULL,NULL,NULL,NULL,NULL,NULL,NULL,NULL,NULL,NULL,NULL,NULL,NULL,NULL,NULL,NULL,NULL,NULL,'6','0','13','25','27.9','2','2','1','김대호','에스엠','330,000','','2017-06-09','24','2019-06-09','2019-06-09','kbn2','3',NULL,NULL,'24',NULL,NULL,'','',NULL,NULL,NULL,NULL,NULL,NULL,NULL,NULL,NULL,NULL,NULL,NULL,NULL,NULL,NULL,NULL,NULL,NULL,NULL,NULL,NULL,NULL,NULL,NULL,NULL,NULL,NULL,NULL,NULL,NULL,NULL,'Y','2019-04-04 06:39:38','2019-04-04 06:39:38','lklk','lklk'),(15,'20190404','1101','대출금=[33,000,000원],정상이자율=[13%],연체이자율=[27.9%],이자일=[25일], 자서일=[],기표일=[2017-06-09 ],대출기간=[24개월]중도상환수수료=[일수차감형],거래처=[에스엠]수당=[330,000원]','1003','1003',NULL,NULL,NULL,'2','6','0','13.0','25','27.9','2','2','1','김대호','에스엠','330000',NULL,'20170609','24','20190609','20190609','kbn2','3.0','0.0','0.0','24','0','0','null',NULL,NULL,NULL,NULL,NULL,NULL,NULL,NULL,NULL,NULL,NULL,NULL,NULL,NULL,NULL,NULL,NULL,NULL,NULL,NULL,NULL,NULL,NULL,NULL,NULL,NULL,NULL,NULL,NULL,NULL,NULL,NULL,NULL,'6','33,000,000','13','25','27.9','2','2','1','김대호','에스엠','330,000','','2017-06-09','24','2019-06-09','2019-06-09','kbn2','3',NULL,NULL,'24',NULL,NULL,'','',NULL,NULL,NULL,NULL,NULL,NULL,NULL,NULL,NULL,NULL,NULL,NULL,NULL,NULL,NULL,NULL,NULL,NULL,NULL,NULL,NULL,NULL,NULL,NULL,NULL,NULL,NULL,NULL,NULL,NULL,NULL,'Y','2019-04-04 06:40:45','2019-04-04 06:40:45','lklk','lklk'),(16,'20190404','1001','대출금=[33,000,000원],정상이자율=[15.5%],연체이자율=[27.9%],이자일=[25일], 자서일=[],기표일=[2017-06-09 ],대출기간=[24개월]중도상환수수료=[일수차감형],거래처=[에스엠]수당=[330,000원]','1003','1003',NULL,NULL,NULL,'5','6','0','15.5','25','27.9','2','2','1','김대호','에스엠','330000',NULL,'20170609','24','20190609','20190609','kbn2','3.0','0.0','0.0','24','0','0','null',NULL,NULL,NULL,NULL,NULL,NULL,NULL,NULL,NULL,NULL,NULL,NULL,NULL,NULL,NULL,NULL,NULL,NULL,NULL,NULL,NULL,NULL,NULL,NULL,NULL,NULL,NULL,NULL,NULL,NULL,NULL,NULL,NULL,'2','33,000,000','15.5','25','27.9','2','2','1','김대호','에스엠','330,000','','2017-06-09','24','2019-06-09','2019-06-09','kbn2','3',NULL,NULL,'24',NULL,NULL,'null','',NULL,NULL,NULL,NULL,NULL,NULL,NULL,NULL,NULL,NULL,NULL,NULL,NULL,NULL,NULL,NULL,NULL,NULL,NULL,NULL,NULL,NULL,NULL,NULL,NULL,NULL,NULL,NULL,NULL,NULL,NULL,'N','2019-04-04 06:42:55','2019-04-04 06:42:55','lklk','lklk'),(17,'2017-06-20','1105','계산일자=[2017-06-20)],정상이자기간=[2017-06-10~2017-06-20(10일],원금상환금액=[33,000,000원],대출금=[33,000,000원],정상이자율=[15.5%],연체이자율=[27.9%],정상이자금액=[154,150원],정상이자면제금액=[0원],연체이자금액=[0원],연체이자면제금액=[16,345,578원],이자합계금액=[154,150원],중도상환수수료=[975,082원]이자일=[25일], 납입회차=[1회]','1003','1003',NULL,NULL,NULL,'2','2','33000000','15.5','25','27.9','2','2','1','김대호','에스엠','330000',NULL,'20170609','24','20190609','20190609','kbn2','3.0','0.0','0.0','24','0','0','null',NULL,NULL,NULL,NULL,NULL,NULL,NULL,NULL,NULL,NULL,NULL,NULL,NULL,NULL,NULL,NULL,NULL,NULL,NULL,NULL,NULL,NULL,NULL,NULL,NULL,NULL,NULL,NULL,NULL,NULL,NULL,NULL,'5','6','0','0.0','0','0.0',NULL,NULL,NULL,NULL,NULL,'null',NULL,NULL,'0',NULL,NULL,NULL,'0.0','0.0','0.0','0','0','0',NULL,NULL,NULL,NULL,NULL,NULL,NULL,NULL,NULL,NULL,NULL,NULL,NULL,NULL,NULL,NULL,NULL,NULL,NULL,NULL,NULL,NULL,NULL,NULL,NULL,NULL,NULL,NULL,NULL,NULL,NULL,NULL,NULL,'Y','2019-04-04 06:44:03','2019-04-04 06:44:03','lklk','lklk'),(18,'20190404','1004','회차=[5회],수납상태=[연체후입금],연체일=[20171126~20171129],정상 이자 금액=[701,534원],연체 이자 금액=[180,394원],이자 수납한 일자=[20171129]','1007','1007',NULL,NULL,'5',NULL,NULL,NULL,NULL,NULL,NULL,NULL,NULL,NULL,NULL,NULL,NULL,NULL,NULL,NULL,NULL,NULL,NULL,NULL,NULL,NULL,NULL,NULL,NULL,NULL,NULL,NULL,NULL,NULL,NULL,NULL,NULL,NULL,NULL,NULL,NULL,NULL,NULL,NULL,NULL,NULL,NULL,NULL,NULL,NULL,NULL,NULL,NULL,NULL,NULL,NULL,NULL,NULL,NULL,NULL,NULL,NULL,NULL,NULL,NULL,NULL,NULL,NULL,NULL,NULL,NULL,NULL,NULL,NULL,NULL,NULL,NULL,NULL,NULL,NULL,NULL,NULL,NULL,NULL,NULL,NULL,NULL,NULL,NULL,NULL,NULL,NULL,NULL,NULL,NULL,NULL,NULL,NULL,NULL,NULL,NULL,NULL,NULL,NULL,NULL,NULL,NULL,NULL,NULL,NULL,NULL,NULL,NULL,NULL,NULL,NULL,NULL,NULL,NULL,'N','2019-04-04 07:47:52','2019-04-04 07:47:52','lklk','lklk'),(19,'2017-06-20','1005','계산일자=[2017-06-20)],정상이자기간=[2017-06-10~2017-06-20(10일],원금상환금액=[33,000,000원],대출금=[33,000,000원],정상이자율=[15.5%],연체이자율=[27.9%],정상이자금액=[154,150원],정상이자면제금액=[0원],연체이자금액=[0원],연체이자면제금액=[16,345,578원],이자합계금액=[154,150원],중도상환수수료=[975,082원]이자일=[25일], 납입회차=[1회]','1003','1003',NULL,NULL,NULL,'2','2','33000000','15.5','25','27.9','2','2','1','김대호','에스엠','330000',NULL,'20170609','24','20190609','20190609','kbn2','3.0','0.0','0.0','24','0','0','',NULL,NULL,NULL,NULL,NULL,NULL,NULL,NULL,NULL,NULL,NULL,NULL,NULL,NULL,NULL,NULL,NULL,NULL,NULL,NULL,NULL,NULL,NULL,NULL,NULL,NULL,NULL,NULL,NULL,NULL,NULL,NULL,'5','6','0','0.0','0','0.0',NULL,NULL,NULL,NULL,NULL,'null',NULL,NULL,'0',NULL,NULL,NULL,'0.0','0.0','0.0','0','0','0',NULL,NULL,NULL,NULL,NULL,NULL,NULL,NULL,NULL,NULL,NULL,NULL,NULL,NULL,NULL,NULL,NULL,NULL,NULL,NULL,NULL,NULL,NULL,NULL,NULL,NULL,NULL,NULL,NULL,NULL,NULL,NULL,NULL,'N','2019-04-04 07:51:12','2019-04-04 07:51:12','lklk','lklk'),(20,'20190411','1004','회차=[7회],수납상태=[입금],정상 이자 금액=[588,383원],연체 이자 금액=[0원],이자 수납한 일자=[20171225]','1007','1007',NULL,NULL,'7',NULL,NULL,NULL,NULL,NULL,NULL,NULL,NULL,NULL,NULL,NULL,NULL,NULL,NULL,NULL,NULL,NULL,NULL,NULL,NULL,NULL,NULL,NULL,NULL,NULL,NULL,NULL,NULL,NULL,NULL,NULL,NULL,NULL,NULL,NULL,NULL,NULL,NULL,NULL,NULL,NULL,NULL,NULL,NULL,NULL,NULL,NULL,NULL,NULL,NULL,NULL,NULL,NULL,NULL,NULL,NULL,NULL,NULL,NULL,NULL,NULL,NULL,NULL,NULL,NULL,NULL,NULL,NULL,NULL,NULL,NULL,NULL,NULL,NULL,NULL,NULL,NULL,NULL,NULL,NULL,NULL,NULL,NULL,NULL,NULL,NULL,NULL,NULL,NULL,NULL,NULL,NULL,NULL,NULL,NULL,NULL,NULL,NULL,NULL,NULL,NULL,NULL,NULL,NULL,NULL,NULL,NULL,NULL,NULL,NULL,NULL,NULL,NULL,NULL,'N','2019-04-11 04:47:08','2019-04-11 04:47:08','lklk','lklk'),(21,'20190411','1004','회차=[8회],수납상태=[입금],정상 이자 금액=[701,534원],연체 이자 금액=[0원],이자 수납한 일자=[20180125]','1007','1007',NULL,NULL,'8',NULL,NULL,NULL,NULL,NULL,NULL,NULL,NULL,NULL,NULL,NULL,NULL,NULL,NULL,NULL,NULL,NULL,NULL,NULL,NULL,NULL,NULL,NULL,NULL,NULL,NULL,NULL,NULL,NULL,NULL,NULL,NULL,NULL,NULL,NULL,NULL,NULL,NULL,NULL,NULL,NULL,NULL,NULL,NULL,NULL,NULL,NULL,NULL,NULL,NULL,NULL,NULL,NULL,NULL,NULL,NULL,NULL,NULL,NULL,NULL,NULL,NULL,NULL,NULL,NULL,NULL,NULL,NULL,NULL,NULL,NULL,NULL,NULL,NULL,NULL,NULL,NULL,NULL,NULL,NULL,NULL,NULL,NULL,NULL,NULL,NULL,NULL,NULL,NULL,NULL,NULL,NULL,NULL,NULL,NULL,NULL,NULL,NULL,NULL,NULL,NULL,NULL,NULL,NULL,NULL,NULL,NULL,NULL,NULL,NULL,NULL,NULL,NULL,NULL,'N','2019-04-11 05:36:28','2019-04-11 05:36:28','lklk','lklk'),(22,'20190411','1000','대출금=[60,000,000원],정상이자율=[18%],연체이자율=[27.9%],이자일=[25일], 자서일=[],기표일=[20170726 ],대출기간=[12개월]중도상환수수료=[일수차감형],거래처=[]수당=[0원]','1009','1009',NULL,NULL,NULL,NULL,NULL,NULL,NULL,NULL,NULL,NULL,NULL,NULL,NULL,NULL,NULL,NULL,NULL,NULL,NULL,NULL,NULL,NULL,NULL,NULL,NULL,NULL,NULL,NULL,NULL,NULL,NULL,NULL,NULL,NULL,NULL,NULL,NULL,NULL,NULL,NULL,NULL,NULL,NULL,NULL,NULL,NULL,NULL,NULL,NULL,NULL,NULL,NULL,NULL,NULL,NULL,NULL,NULL,NULL,NULL,NULL,'2','2','60000000','18','25','27.9','2','3','2','임완혁','','','','20170726','12','20180726','20180726','kbn2','3',NULL,NULL,'12',NULL,NULL,'','',NULL,NULL,NULL,NULL,NULL,NULL,NULL,NULL,NULL,NULL,NULL,NULL,NULL,NULL,NULL,NULL,NULL,NULL,NULL,NULL,NULL,NULL,NULL,NULL,NULL,NULL,NULL,NULL,NULL,NULL,NULL,'N','2019-04-11 06:29:51','2019-04-11 06:29:51','lklk','lklk'),(23,'20190411','1004','회차=[1회],수납상태=[입금],정상 이자 금액=[887,671원],연체 이자 금액=[0원],이자 수납한 일자=[20170825]','1009','1009',NULL,NULL,'1',NULL,NULL,NULL,NULL,NULL,NULL,NULL,NULL,NULL,NULL,NULL,NULL,NULL,NULL,NULL,NULL,NULL,NULL,NULL,NULL,NULL,NULL,NULL,NULL,NULL,NULL,NULL,NULL,NULL,NULL,NULL,NULL,NULL,NULL,NULL,NULL,NULL,NULL,NULL,NULL,NULL,NULL,NULL,NULL,NULL,NULL,NULL,NULL,NULL,NULL,NULL,NULL,NULL,NULL,NULL,NULL,NULL,NULL,NULL,NULL,NULL,NULL,NULL,NULL,NULL,NULL,NULL,NULL,NULL,NULL,NULL,NULL,NULL,NULL,NULL,NULL,NULL,NULL,NULL,NULL,NULL,NULL,NULL,NULL,NULL,NULL,NULL,NULL,NULL,NULL,NULL,NULL,NULL,NULL,NULL,NULL,NULL,NULL,NULL,NULL,NULL,NULL,NULL,NULL,NULL,NULL,NULL,NULL,NULL,NULL,NULL,NULL,NULL,NULL,'N','2019-04-11 06:43:03','2019-04-11 06:43:03','lklk','lklk'),(24,'20190411','1004','회차=[2회],수납상태=[연체후입금],정상 이자 금액=[917,260원],연체 이자 금액=[45,863원],이자 수납한 일자=[20170926]','1009','1009',NULL,NULL,'2',NULL,NULL,NULL,NULL,NULL,NULL,NULL,NULL,NULL,NULL,NULL,NULL,NULL,NULL,NULL,NULL,NULL,NULL,NULL,NULL,NULL,NULL,NULL,NULL,NULL,NULL,NULL,NULL,NULL,NULL,NULL,NULL,NULL,NULL,NULL,NULL,NULL,NULL,NULL,NULL,NULL,NULL,NULL,NULL,NULL,NULL,NULL,NULL,NULL,NULL,NULL,NULL,NULL,NULL,NULL,NULL,NULL,NULL,NULL,NULL,NULL,NULL,NULL,NULL,NULL,NULL,NULL,NULL,NULL,NULL,NULL,NULL,NULL,NULL,NULL,NULL,NULL,NULL,NULL,NULL,NULL,NULL,NULL,NULL,NULL,NULL,NULL,NULL,NULL,NULL,NULL,NULL,NULL,NULL,NULL,NULL,NULL,NULL,NULL,NULL,NULL,NULL,NULL,NULL,NULL,NULL,NULL,NULL,NULL,NULL,NULL,NULL,NULL,NULL,'N','2019-04-11 06:54:34','2019-04-11 06:54:34','lklk','lklk'),(25,'20190411','1004','회차=[4회],수납상태=[입금],정상 이자 금액=[858,082원],연체 이자 금액=[0원],이자 수납한 일자=[20171025]','1009','1009',NULL,NULL,'4',NULL,NULL,NULL,NULL,NULL,NULL,NULL,NULL,NULL,NULL,NULL,NULL,NULL,NULL,NULL,NULL,NULL,NULL,NULL,NULL,NULL,NULL,NULL,NULL,NULL,NULL,NULL,NULL,NULL,NULL,NULL,NULL,NULL,NULL,NULL,NULL,NULL,NULL,NULL,NULL,NULL,NULL,NULL,NULL,NULL,NULL,NULL,NULL,NULL,NULL,NULL,NULL,NULL,NULL,NULL,NULL,NULL,NULL,NULL,NULL,NULL,NULL,NULL,NULL,NULL,NULL,NULL,NULL,NULL,NULL,NULL,NULL,NULL,NULL,NULL,NULL,NULL,NULL,NULL,NULL,NULL,NULL,NULL,NULL,NULL,NULL,NULL,NULL,NULL,NULL,NULL,NULL,NULL,NULL,NULL,NULL,NULL,NULL,NULL,NULL,NULL,NULL,NULL,NULL,NULL,NULL,NULL,NULL,NULL,NULL,NULL,NULL,NULL,NULL,'N','2019-04-11 07:47:09','2019-04-11 07:47:09','lklk','lklk'),(26,'20190411','1004','회차=[5회],수납상태=[입금],정상 이자 금액=[917,260원],연체 이자 금액=[0원],이자 수납한 일자=[20171125]','1009','1009',NULL,NULL,'5',NULL,NULL,NULL,NULL,NULL,NULL,NULL,NULL,NULL,NULL,NULL,NULL,NULL,NULL,NULL,NULL,NULL,NULL,NULL,NULL,NULL,NULL,NULL,NULL,NULL,NULL,NULL,NULL,NULL,NULL,NULL,NULL,NULL,NULL,NULL,NULL,NULL,NULL,NULL,NULL,NULL,NULL,NULL,NULL,NULL,NULL,NULL,NULL,NULL,NULL,NULL,NULL,NULL,NULL,NULL,NULL,NULL,NULL,NULL,NULL,NULL,NULL,NULL,NULL,NULL,NULL,NULL,NULL,NULL,NULL,NULL,NULL,NULL,NULL,NULL,NULL,NULL,NULL,NULL,NULL,NULL,NULL,NULL,NULL,NULL,NULL,NULL,NULL,NULL,NULL,NULL,NULL,NULL,NULL,NULL,NULL,NULL,NULL,NULL,NULL,NULL,NULL,NULL,NULL,NULL,NULL,NULL,NULL,NULL,NULL,NULL,NULL,NULL,NULL,'N','2019-04-11 07:47:47','2019-04-11 07:47:47','lklk','lklk'),(27,'20190411','1004','회차=[6회],수납상태=[연체후입금],연체일=[20171226~20171228],정상 이자 금액=[887,671원],연체 이자 금액=[137,589원],이자 수납한 일자=[20171228]','1009','1009',NULL,NULL,'6',NULL,NULL,NULL,NULL,NULL,NULL,NULL,NULL,NULL,NULL,NULL,NULL,NULL,NULL,NULL,NULL,NULL,NULL,NULL,NULL,NULL,NULL,NULL,NULL,NULL,NULL,NULL,NULL,NULL,NULL,NULL,NULL,NULL,NULL,NULL,NULL,NULL,NULL,NULL,NULL,NULL,NULL,NULL,NULL,NULL,NULL,NULL,NULL,NULL,NULL,NULL,NULL,NULL,NULL,NULL,NULL,NULL,NULL,NULL,NULL,NULL,NULL,NULL,NULL,NULL,NULL,NULL,NULL,NULL,NULL,NULL,NULL,NULL,NULL,NULL,NULL,NULL,NULL,NULL,NULL,NULL,NULL,NULL,NULL,NULL,NULL,NULL,NULL,NULL,NULL,NULL,NULL,NULL,NULL,NULL,NULL,NULL,NULL,NULL,NULL,NULL,NULL,NULL,NULL,NULL,NULL,NULL,NULL,NULL,NULL,NULL,NULL,NULL,NULL,'N','2019-04-11 07:48:56','2019-04-11 07:48:56','lklk','lklk'),(28,'20190411','1004','회차=[8회],수납상태=[연체후입금],정상 이자 금액=[828,493원],연체 이자 금액=[275,178원],이자 수납한 일자=[20180131]','1009','1009',NULL,NULL,'8',NULL,NULL,NULL,NULL,NULL,NULL,NULL,NULL,NULL,NULL,NULL,NULL,NULL,NULL,NULL,NULL,NULL,NULL,NULL,NULL,NULL,NULL,NULL,NULL,NULL,NULL,NULL,NULL,NULL,NULL,NULL,NULL,NULL,NULL,NULL,NULL,NULL,NULL,NULL,NULL,NULL,NULL,NULL,NULL,NULL,NULL,NULL,NULL,NULL,NULL,NULL,NULL,NULL,NULL,NULL,NULL,NULL,NULL,NULL,NULL,NULL,NULL,NULL,NULL,NULL,NULL,NULL,NULL,NULL,NULL,NULL,NULL,NULL,NULL,NULL,NULL,NULL,NULL,NULL,NULL,NULL,NULL,NULL,NULL,NULL,NULL,NULL,NULL,NULL,NULL,NULL,NULL,NULL,NULL,NULL,NULL,NULL,NULL,NULL,NULL,NULL,NULL,NULL,NULL,NULL,NULL,NULL,NULL,NULL,NULL,NULL,NULL,NULL,NULL,'N','2019-04-11 08:00:53','2019-04-11 08:00:53','lklk','lklk'),(29,'20190411','1004','회차=[10회],수납상태=[입금],정상 이자 금액=[739,726원],연체 이자 금액=[0원],이자 수납한 일자=[20180225]','1009','1009',NULL,NULL,'10',NULL,NULL,NULL,NULL,NULL,NULL,NULL,NULL,NULL,NULL,NULL,NULL,NULL,NULL,NULL,NULL,NULL,NULL,NULL,NULL,NULL,NULL,NULL,NULL,NULL,NULL,NULL,NULL,NULL,NULL,NULL,NULL,NULL,NULL,NULL,NULL,NULL,NULL,NULL,NULL,NULL,NULL,NULL,NULL,NULL,NULL,NULL,NULL,NULL,NULL,NULL,NULL,NULL,NULL,NULL,NULL,NULL,NULL,NULL,NULL,NULL,NULL,NULL,NULL,NULL,NULL,NULL,NULL,NULL,NULL,NULL,NULL,NULL,NULL,NULL,NULL,NULL,NULL,NULL,NULL,NULL,NULL,NULL,NULL,NULL,NULL,NULL,NULL,NULL,NULL,NULL,NULL,NULL,NULL,NULL,NULL,NULL,NULL,NULL,NULL,NULL,NULL,NULL,NULL,NULL,NULL,NULL,NULL,NULL,NULL,NULL,NULL,NULL,NULL,'N','2019-04-11 08:37:20','2019-04-11 08:37:20','lklk','lklk'),(30,'20190411','1004','회차=[11회],수납상태=[연체후입금],정상 이자 금액=[828,493원],연체 이자 금액=[2,109,698원],이자 수납한 일자=[20180510]','1009','1009',NULL,NULL,'11',NULL,NULL,NULL,NULL,NULL,NULL,NULL,NULL,NULL,NULL,NULL,NULL,NULL,NULL,NULL,NULL,NULL,NULL,NULL,NULL,NULL,NULL,NULL,NULL,NULL,NULL,NULL,NULL,NULL,NULL,NULL,NULL,NULL,NULL,NULL,NULL,NULL,NULL,NULL,NULL,NULL,NULL,NULL,NULL,NULL,NULL,NULL,NULL,NULL,NULL,NULL,NULL,NULL,NULL,NULL,NULL,NULL,NULL,NULL,NULL,NULL,NULL,NULL,NULL,NULL,NULL,NULL,NULL,NULL,NULL,NULL,NULL,NULL,NULL,NULL,NULL,NULL,NULL,NULL,NULL,NULL,NULL,NULL,NULL,NULL,NULL,NULL,NULL,NULL,NULL,NULL,NULL,NULL,NULL,NULL,NULL,NULL,NULL,NULL,NULL,NULL,NULL,NULL,NULL,NULL,NULL,NULL,NULL,NULL,NULL,NULL,NULL,NULL,NULL,'N','2019-04-11 08:39:43','2019-04-11 08:39:43','lklk','lklk'),(31,'20190411','1004','회차=[13회],수납상태=[연체후입금],정상 이자 금액=[443,835원],연체 이자 금액=[0원],이자 수납한 일자=[20180511]','1009','1009',NULL,NULL,'13',NULL,NULL,NULL,NULL,NULL,NULL,NULL,NULL,NULL,NULL,NULL,NULL,NULL,NULL,NULL,NULL,NULL,NULL,NULL,NULL,NULL,NULL,NULL,NULL,NULL,NULL,NULL,NULL,NULL,NULL,NULL,NULL,NULL,NULL,NULL,NULL,NULL,NULL,NULL,NULL,NULL,NULL,NULL,NULL,NULL,NULL,NULL,NULL,NULL,NULL,NULL,NULL,NULL,NULL,NULL,NULL,NULL,NULL,NULL,NULL,NULL,NULL,NULL,NULL,NULL,NULL,NULL,NULL,NULL,NULL,NULL,NULL,NULL,NULL,NULL,NULL,NULL,NULL,NULL,NULL,NULL,NULL,NULL,NULL,NULL,NULL,NULL,NULL,NULL,NULL,NULL,NULL,NULL,NULL,NULL,NULL,NULL,NULL,NULL,NULL,NULL,NULL,NULL,NULL,NULL,NULL,NULL,NULL,NULL,NULL,NULL,NULL,NULL,NULL,'N','2019-04-11 08:43:51','2019-04-11 08:43:51','lklk','lklk');
/*!40000 ALTER TABLE `loan_history` ENABLE KEYS */;
UNLOCK TABLES;

--
-- Table structure for table `loan_history_pledsett`
--

DROP TABLE IF EXISTS `loan_history_pledsett`;
/*!40101 SET @saved_cs_client     = @@character_set_client */;
/*!50503 SET character_set_client = utf8mb4 */;
CREATE TABLE `loan_history_pledsett` (
  `loan_history_id` int(11) NOT NULL DEFAULT '0' COMMENT '질권정보 key',
  `pled_num` int(11) NOT NULL COMMENT '질권정보 key',
  `loan_num` int(11) NOT NULL COMMENT '대출정보 key',
  `pledge_cost` bigint(11) DEFAULT NULL COMMENT '질권대출금액',
  `pledge_irt` double(5,2) DEFAULT NULL COMMENT '질권금리',
  `pledge_irt_day` int(2) DEFAULT NULL COMMENT '질권이자일',
  `pledge_finance_inst` varchar(120) DEFAULT NULL COMMENT '질권금융기관',
  `pledge_sday` char(10) DEFAULT NULL COMMENT '질권기표일',
  `pledge_term` int(3) DEFAULT NULL COMMENT '질권대출기간',
  `pledge_eday` char(10) DEFAULT NULL COMMENT '질권만기일',
  `pledge_rday` char(10) DEFAULT NULL COMMENT '질권상환일',
  `pledge_commission_charge` bigint(11) DEFAULT NULL COMMENT '질권중도상환수수료',
  `pledge_ltv` varchar(5) DEFAULT NULL COMMENT '질권 LTV',
  `pledge_unpaid_cost` bigint(11) DEFAULT NULL COMMENT '질권미회수금액',
  `pledge_memo` varchar(255) DEFAULT NULL COMMENT '질권메모',
  `createDate` timestamp NOT NULL DEFAULT CURRENT_TIMESTAMP COMMENT '최초등록일시',
  `updateDate` timestamp NOT NULL DEFAULT '0000-00-00 00:00:00' COMMENT '수정일시',
  `createUser` varchar(20) NOT NULL COMMENT '최초등록자',
  `updateUser` varchar(20) NOT NULL COMMENT '수정자',
  PRIMARY KEY (`loan_history_id`,`pled_num`,`loan_num`)
) ENGINE=InnoDB DEFAULT CHARSET=utf8 COMMENT='질권설정테이블';
/*!40101 SET character_set_client = @saved_cs_client */;

--
-- Dumping data for table `loan_history_pledsett`
--

LOCK TABLES `loan_history_pledsett` WRITE;
/*!40000 ALTER TABLE `loan_history_pledsett` DISABLE KEYS */;
/*!40000 ALTER TABLE `loan_history_pledsett` ENABLE KEYS */;
UNLOCK TABLES;

--
-- Table structure for table `loan_history_receiveinfo`
--

DROP TABLE IF EXISTS `loan_history_receiveinfo`;
/*!40101 SET @saved_cs_client     = @@character_set_client */;
/*!50503 SET character_set_client = utf8mb4 */;
CREATE TABLE `loan_history_receiveinfo` (
  `loan_history_id` bigint(11) NOT NULL COMMENT '대출histroy key',
  `rec_id` int(11) NOT NULL COMMENT '수납정보 key',
  `cnum` int(11) NOT NULL COMMENT '고객정보 key',
  `loan_num` int(11) NOT NULL COMMENT '대출정보 key',
  `repay_count` int(11) NOT NULL COMMENT '납입회차',
  `rec_info` char(7) DEFAULT NULL COMMENT '수납상태',
  `rec_overdue_sday` char(10) DEFAULT NULL COMMENT '연체계산 시작',
  `rec_overdue_eday` char(10) DEFAULT NULL COMMENT '연체계산 종료',
  `rec_exem_cost` bigint(11) DEFAULT NULL COMMENT '이자면제금액',
  `rec_normal_cost` bigint(11) DEFAULT '0' COMMENT '납부 원금 금액',
  `rec_normal_irt_cost` bigint(11) DEFAULT '0' COMMENT '정상 이자 금액',
  `rec_overdue_cost` bigint(11) DEFAULT NULL COMMENT '연체 이자 금액',
  `rec_deposit_cost` bigint(11) DEFAULT NULL COMMENT '입금한 이자 금액',
  `rec_pay_day` char(10) DEFAULT NULL COMMENT '이자 수납한 일자',
  `createDate` timestamp NOT NULL DEFAULT CURRENT_TIMESTAMP ON UPDATE CURRENT_TIMESTAMP COMMENT '최초등록일시',
  `updateDate` timestamp NOT NULL DEFAULT '0000-00-00 00:00:00' COMMENT '수정일시',
  `createUser` varchar(20) NOT NULL COMMENT '최초등록자',
  `updateUser` varchar(20) NOT NULL COMMENT '수정자',
  PRIMARY KEY (`loan_history_id`,`cnum`,`loan_num`,`repay_count`)
) ENGINE=InnoDB DEFAULT CHARSET=utf8 COMMENT='대출histroy';
/*!40101 SET character_set_client = @saved_cs_client */;

--
-- Dumping data for table `loan_history_receiveinfo`
--

LOCK TABLES `loan_history_receiveinfo` WRITE;
/*!40000 ALTER TABLE `loan_history_receiveinfo` DISABLE KEYS */;
INSERT INTO `loan_history_receiveinfo` VALUES (8,361,1007,1007,1,'2',NULL,NULL,0,NULL,339452,0,339452,'20170725','2019-04-04 04:43:20','2019-04-04 04:43:20','lklk','lklk'),(9,361,1007,1007,1,'2',NULL,NULL,0,NULL,339452,0,339452,'20170725','2019-04-04 04:43:20','2019-04-04 04:43:20','lklk','lklk'),(9,362,1007,1007,2,'2',NULL,NULL,0,NULL,701534,0,701534,'20170825','2019-04-04 04:44:10','2019-04-04 04:44:10','lklk','lklk'),(10,361,1007,1007,1,'2',NULL,NULL,0,NULL,339452,0,339452,'20170725','2019-04-04 04:43:20','2019-04-04 04:43:20','lklk','lklk'),(10,362,1007,1007,2,'2',NULL,NULL,0,NULL,701534,0,701534,'20170825','2019-04-04 04:44:10','2019-04-04 04:44:10','lklk','lklk'),(10,363,1007,1007,3,'2',NULL,NULL,0,NULL,701534,0,701534,'20170925','2019-04-04 04:47:44','2019-04-04 04:47:44','lklk','lklk'),(11,361,1007,1007,1,'2',NULL,NULL,0,NULL,339452,0,339452,'20170725','2019-04-04 04:43:20','2019-04-04 04:43:20','lklk','lklk'),(11,362,1007,1007,2,'2',NULL,NULL,0,NULL,701534,0,701534,'20170825','2019-04-04 04:44:10','2019-04-04 04:44:10','lklk','lklk'),(11,363,1007,1007,3,'2',NULL,NULL,0,NULL,701534,0,701534,'20170925','2019-04-04 04:47:44','2019-04-04 04:47:44','lklk','lklk'),(11,364,1007,1007,4,'2',NULL,NULL,0,NULL,678904,0,678904,'20171025','2019-04-04 04:49:47','2019-04-04 04:49:47','lklk','lklk'),(18,361,1007,1007,1,'2',NULL,NULL,0,NULL,339452,0,339452,'20170725','2019-04-04 04:43:20','2019-04-04 04:43:20','lklk','lklk'),(18,362,1007,1007,2,'2',NULL,NULL,0,NULL,701534,0,701534,'20170825','2019-04-04 04:44:10','2019-04-04 04:44:10','lklk','lklk'),(18,363,1007,1007,3,'2',NULL,NULL,0,NULL,701534,0,701534,'20170925','2019-04-04 04:47:44','2019-04-04 04:47:44','lklk','lklk'),(18,364,1007,1007,4,'2',NULL,NULL,0,NULL,678904,0,678904,'20171025','2019-04-04 04:49:47','2019-04-04 04:49:47','lklk','lklk'),(20,361,1007,1007,1,'2',NULL,NULL,0,NULL,339452,0,339452,'20170725','2019-04-04 04:43:20','2019-04-04 04:43:20','lklk','lklk'),(20,362,1007,1007,2,'2',NULL,NULL,0,NULL,701534,0,701534,'20170825','2019-04-04 04:44:10','2019-04-04 04:44:10','lklk','lklk'),(20,363,1007,1007,3,'2',NULL,NULL,0,NULL,701534,0,701534,'20170925','2019-04-04 04:47:44','2019-04-04 04:47:44','lklk','lklk'),(20,364,1007,1007,4,'2',NULL,NULL,0,NULL,678904,0,678904,'20171025','2019-04-04 04:49:47','2019-04-04 04:49:47','lklk','lklk'),(20,365,1007,1007,5,'4','20171126','20171129',0,NULL,701534,180394,881928,'20171129','2019-04-04 07:47:52','2019-04-04 07:47:52','lklk','lklk'),(21,361,1007,1007,1,'2',NULL,NULL,0,NULL,339452,0,339452,'20170725','2019-04-04 04:43:20','2019-04-04 04:43:20','lklk','lklk'),(21,362,1007,1007,2,'2',NULL,NULL,0,NULL,701534,0,701534,'20170825','2019-04-04 04:44:10','2019-04-04 04:44:10','lklk','lklk'),(21,363,1007,1007,3,'2',NULL,NULL,0,NULL,701534,0,701534,'20170925','2019-04-04 04:47:44','2019-04-04 04:47:44','lklk','lklk'),(21,364,1007,1007,4,'2',NULL,NULL,0,NULL,678904,0,678904,'20171025','2019-04-04 04:49:47','2019-04-04 04:49:47','lklk','lklk'),(21,365,1007,1007,5,'4','20171126','20171129',0,NULL,701534,180394,881928,'20171129','2019-04-04 07:47:52','2019-04-04 07:47:52','lklk','lklk'),(21,549,1007,1007,7,'2',NULL,NULL,0,NULL,588383,0,588383,'20171225','2019-04-11 04:47:08','2019-04-11 04:47:08','lklk','lklk'),(24,569,1009,1009,1,'2',NULL,NULL,0,NULL,887671,0,887671,'20170825','2019-04-11 06:43:03','2019-04-11 06:43:03','lklk','lklk'),(25,569,1009,1009,1,'2',NULL,NULL,0,NULL,887671,0,887671,'20170825','2019-04-11 06:43:03','2019-04-11 06:43:03','lklk','lklk'),(25,570,1009,1009,2,'4','20170926',NULL,0,NULL,917260,45863,1000000,'20170926','2019-04-11 06:54:34','2019-04-11 06:54:34','lklk','lklk'),(26,569,1009,1009,1,'2',NULL,NULL,0,NULL,887671,0,887671,'20170825','2019-04-11 06:43:03','2019-04-11 06:43:03','lklk','lklk'),(26,570,1009,1009,2,'4','20170926',NULL,0,NULL,917260,45863,1000000,'20170926','2019-04-11 06:54:34','2019-04-11 06:54:34','lklk','lklk'),(26,581,1009,1009,4,'2',NULL,NULL,0,NULL,858082,0,858082,'20171025','2019-04-11 07:47:09','2019-04-11 07:47:09','lklk','lklk'),(27,569,1009,1009,1,'2',NULL,NULL,0,NULL,887671,0,887671,'20170825','2019-04-11 06:43:03','2019-04-11 06:43:03','lklk','lklk'),(27,570,1009,1009,2,'4','20170926',NULL,0,NULL,917260,45863,1000000,'20170926','2019-04-11 06:54:34','2019-04-11 06:54:34','lklk','lklk'),(27,581,1009,1009,4,'2',NULL,NULL,0,NULL,858082,0,858082,'20171025','2019-04-11 07:47:09','2019-04-11 07:47:09','lklk','lklk'),(27,582,1009,1009,5,'2',NULL,NULL,0,NULL,917260,0,917260,'20171125','2019-04-11 07:47:47','2019-04-11 07:47:47','lklk','lklk'),(28,569,1009,1009,1,'2',NULL,NULL,0,NULL,887671,0,887671,'20170825','2019-04-11 06:43:03','2019-04-11 06:43:03','lklk','lklk'),(28,570,1009,1009,2,'4','20170926',NULL,0,NULL,917260,45863,1000000,'20170926','2019-04-11 06:54:34','2019-04-11 06:54:34','lklk','lklk'),(28,581,1009,1009,4,'2',NULL,NULL,0,NULL,858082,0,858082,'20171025','2019-04-11 07:47:09','2019-04-11 07:47:09','lklk','lklk'),(28,582,1009,1009,5,'2',NULL,NULL,0,NULL,917260,0,917260,'20171125','2019-04-11 07:47:47','2019-04-11 07:47:47','lklk','lklk'),(28,583,1009,1009,6,'4','20171226','20171228',0,NULL,887671,137589,1025260,'20171228','2019-04-11 07:48:55','2019-04-11 07:48:55','lklk','lklk'),(29,569,1009,1009,1,'2',NULL,NULL,0,NULL,887671,0,887671,'20170825','2019-04-11 06:43:03','2019-04-11 06:43:03','lklk','lklk'),(29,570,1009,1009,2,'4','20170926',NULL,0,NULL,917260,45863,1000000,'20170926','2019-04-11 06:54:34','2019-04-11 06:54:34','lklk','lklk'),(29,581,1009,1009,4,'2',NULL,NULL,0,NULL,858082,0,858082,'20171025','2019-04-11 07:47:09','2019-04-11 07:47:09','lklk','lklk'),(29,582,1009,1009,5,'2',NULL,NULL,0,NULL,917260,0,917260,'20171125','2019-04-11 07:47:47','2019-04-11 07:47:47','lklk','lklk'),(29,583,1009,1009,6,'4','20171226','20171228',0,NULL,887671,137589,1025260,'20171228','2019-04-11 07:48:55','2019-04-11 07:48:55','lklk','lklk'),(29,591,1009,1009,8,'4','20180126',NULL,0,NULL,828493,275178,1104000,'20180131','2019-04-11 08:00:53','2019-04-11 08:00:53','lklk','lklk'),(30,569,1009,1009,1,'2',NULL,NULL,0,NULL,887671,0,887671,'20170825','2019-04-11 06:43:03','2019-04-11 06:43:03','lklk','lklk'),(30,570,1009,1009,2,'4','20170926',NULL,0,NULL,917260,45863,1000000,'20170926','2019-04-11 06:54:34','2019-04-11 06:54:34','lklk','lklk'),(30,581,1009,1009,4,'2',NULL,NULL,0,NULL,858082,0,858082,'20171025','2019-04-11 07:47:09','2019-04-11 07:47:09','lklk','lklk'),(30,582,1009,1009,5,'2',NULL,NULL,0,NULL,917260,0,917260,'20171125','2019-04-11 07:47:47','2019-04-11 07:47:47','lklk','lklk'),(30,583,1009,1009,6,'4','20171226','20171228',0,NULL,887671,137589,1025260,'20171228','2019-04-11 07:48:55','2019-04-11 07:48:55','lklk','lklk'),(30,591,1009,1009,8,'4','20180126',NULL,0,NULL,828493,275178,1104000,'20180131','2019-04-11 08:00:53','2019-04-11 08:00:53','lklk','lklk'),(30,598,1009,1009,10,'2',NULL,NULL,0,NULL,739726,0,739726,'20180225','2019-04-11 08:37:20','2019-04-11 08:37:20','lklk','lklk'),(31,569,1009,1009,1,'2',NULL,NULL,0,NULL,887671,0,887671,'20170825','2019-04-11 06:43:03','2019-04-11 06:43:03','lklk','lklk'),(31,570,1009,1009,2,'4','20170926',NULL,0,NULL,917260,45863,1000000,'20170926','2019-04-11 06:54:34','2019-04-11 06:54:34','lklk','lklk'),(31,581,1009,1009,4,'2',NULL,NULL,0,NULL,858082,0,858082,'20171025','2019-04-11 07:47:09','2019-04-11 07:47:09','lklk','lklk'),(31,582,1009,1009,5,'2',NULL,NULL,0,NULL,917260,0,917260,'20171125','2019-04-11 07:47:47','2019-04-11 07:47:47','lklk','lklk'),(31,583,1009,1009,6,'4','20171226','20171228',0,NULL,887671,137589,1025260,'20171228','2019-04-11 07:48:55','2019-04-11 07:48:55','lklk','lklk'),(31,591,1009,1009,8,'4','20180126',NULL,0,NULL,828493,275178,1104000,'20180131','2019-04-11 08:00:53','2019-04-11 08:00:53','lklk','lklk'),(31,598,1009,1009,10,'2',NULL,NULL,0,NULL,739726,0,739726,'20180225','2019-04-11 08:37:20','2019-04-11 08:37:20','lklk','lklk'),(31,599,1009,1009,11,'4','20180326',NULL,0,NULL,828493,2109698,1200000,'20180510','2019-04-11 08:39:43','2019-04-11 08:39:43','lklk','lklk');
/*!40000 ALTER TABLE `loan_history_receiveinfo` ENABLE KEYS */;
UNLOCK TABLES;

--
-- Table structure for table `loan_history_repaymentinfo`
--

DROP TABLE IF EXISTS `loan_history_repaymentinfo`;
/*!40101 SET @saved_cs_client     = @@character_set_client */;
/*!50503 SET character_set_client = utf8mb4 */;
CREATE TABLE `loan_history_repaymentinfo` (
  `loan_history_id` bigint(11) NOT NULL COMMENT '대출histroy key',
  `re_id` int(11) NOT NULL COMMENT '상환정보 key',
  `cnum` int(11) NOT NULL COMMENT '고객정보key',
  `loan_num` int(11) NOT NULL COMMENT '대출정보key',
  `repay_count` int(11) NOT NULL COMMENT '납입회차',
  `re_calterm_sday` char(10) NOT NULL COMMENT '납입회차이자시작일',
  `re_calterm_eday` char(10) NOT NULL COMMENT '납입회자이자종료일',
  `re_cal_day` int(5) NOT NULL COMMENT '계산일수',
  `re_pay_day` int(2) NOT NULL COMMENT '매월 납입일',
  `re_irt_day` char(10) NOT NULL COMMENT '납부스케줄용 납입일',
  `re_normal_irt` double(5,2) NOT NULL COMMENT '정상이자율',
  `re_normal_cost` bigint(11) NOT NULL COMMENT '정상납부할 이자금액',
  `re_overdue_irt` double(5,2) NOT NULL COMMENT '연체이자율',
  `re_pay_cost` bigint(11) NOT NULL COMMENT '납부 할 원금',
  `re_pay_sum_cost` bigint(11) NOT NULL COMMENT '납부 할 이자원금 합 금액',
  `re_balance_cost` bigint(11) NOT NULL COMMENT '대출잔액',
  `re_grade` char(6) NOT NULL COMMENT '상태',
  `mangi_flg` char(1) NOT NULL COMMENT '만기플래그',
  `createDate` timestamp NOT NULL DEFAULT CURRENT_TIMESTAMP COMMENT '최초등록일시',
  `updateDate` timestamp NOT NULL DEFAULT '0000-00-00 00:00:00' COMMENT '수정일시',
  `createUser` varchar(20) NOT NULL COMMENT '최초등록자',
  `updateUser` varchar(20) NOT NULL COMMENT '수정자',
  PRIMARY KEY (`loan_history_id`,`re_id`,`cnum`,`loan_num`,`repay_count`)
) ENGINE=InnoDB DEFAULT CHARSET=utf8 COMMENT='대출histroy';
/*!40101 SET character_set_client = @saved_cs_client */;

--
-- Dumping data for table `loan_history_repaymentinfo`
--

LOCK TABLES `loan_history_repaymentinfo` WRITE;
/*!40000 ALTER TABLE `loan_history_repaymentinfo` DISABLE KEYS */;
INSERT INTO `loan_history_repaymentinfo` VALUES (1,25,1003,1003,1,'20170610','20170625',16,25,'20170625',12.40,179375,27.90,0,179375,33000000,'2','N','2019-03-19 06:30:19','2019-03-19 06:30:19','lk0203','lk0203'),(1,26,1003,1003,2,'20170626','20170725',30,25,'20170725',12.40,336328,27.90,0,336328,33000000,'2','N','2019-03-19 06:30:19','2019-03-19 06:30:19','lk0203','lk0203'),(1,27,1003,1003,3,'20170726','20170825',31,25,'20170825',12.40,347539,27.90,0,347539,33000000,'2','N','2019-03-19 06:30:19','2019-03-19 06:30:19','lk0203','lk0203'),(1,28,1003,1003,4,'20170826','20170925',31,25,'20170925',12.40,347539,27.90,0,347539,33000000,'2','N','2019-03-19 06:30:19','2019-03-19 06:30:19','lk0203','lk0203'),(1,29,1003,1003,5,'20170926','20171025',30,25,'20171025',12.40,336328,27.90,0,336328,33000000,'2','N','2019-03-19 06:30:19','2019-03-19 06:30:19','lk0203','lk0203'),(1,30,1003,1003,6,'20171026','20171125',31,25,'20171125',12.40,347539,27.90,0,347539,33000000,'2','N','2019-03-19 06:30:19','2019-03-19 06:30:19','lk0203','lk0203'),(1,31,1003,1003,7,'20171126','20171225',30,25,'20171225',12.40,336328,27.90,0,336328,33000000,'2','N','2019-03-19 06:30:20','2019-03-19 06:30:20','lk0203','lk0203'),(1,32,1003,1003,8,'20171226','20180125',31,25,'20180125',12.40,347539,27.90,0,347539,33000000,'2','N','2019-03-19 06:30:20','2019-03-19 06:30:20','lk0203','lk0203'),(1,33,1003,1003,9,'20180126','20180225',31,25,'20180225',12.40,347539,27.90,0,347539,33000000,'2','N','2019-03-19 06:30:20','2019-03-19 06:30:20','lk0203','lk0203'),(1,34,1003,1003,10,'20180226','20180325',28,25,'20180325',12.40,313906,27.90,0,313906,33000000,'2','N','2019-03-19 06:30:20','2019-03-19 06:30:20','lk0203','lk0203'),(1,35,1003,1003,11,'20180326','20180425',31,25,'20180425',12.40,347539,27.90,0,347539,33000000,'2','N','2019-03-19 06:30:20','2019-03-19 06:30:20','lk0203','lk0203'),(1,36,1003,1003,12,'20180426','20180525',30,25,'20180525',12.40,336328,27.90,0,336328,33000000,'2','N','2019-03-19 06:30:20','2019-03-19 06:30:20','lk0203','lk0203'),(1,37,1003,1003,13,'20180526','20180625',31,25,'20180625',12.40,347539,27.90,0,347539,33000000,'2','N','2019-03-19 06:30:20','2019-03-19 06:30:20','lk0203','lk0203'),(1,38,1003,1003,14,'20180626','20180725',30,25,'20180725',12.40,336328,27.90,0,336328,33000000,'2','N','2019-03-19 06:30:20','2019-03-19 06:30:20','lk0203','lk0203'),(1,39,1003,1003,15,'20180726','20180825',31,25,'20180825',12.40,347539,27.90,0,347539,33000000,'2','N','2019-03-19 06:30:20','2019-03-19 06:30:20','lk0203','lk0203'),(1,40,1003,1003,16,'20180826','20180925',31,25,'20180925',12.40,347539,27.90,0,347539,33000000,'2','N','2019-03-19 06:30:20','2019-03-19 06:30:20','lk0203','lk0203'),(1,41,1003,1003,17,'20180926','20181025',30,25,'20181025',12.40,336328,27.90,0,336328,33000000,'2','N','2019-03-19 06:30:20','2019-03-19 06:30:20','lk0203','lk0203'),(1,42,1003,1003,18,'20181026','20181125',31,25,'20181125',12.40,347539,27.90,0,347539,33000000,'2','N','2019-03-19 06:30:20','2019-03-19 06:30:20','lk0203','lk0203'),(1,43,1003,1003,19,'20181126','20181225',30,25,'20181225',12.40,336328,27.90,0,336328,33000000,'2','N','2019-03-19 06:30:20','2019-03-19 06:30:20','lk0203','lk0203'),(1,44,1003,1003,20,'20181226','20190125',31,25,'20190125',12.40,347539,27.90,0,347539,33000000,'2','N','2019-03-19 06:30:20','2019-03-19 06:30:20','lk0203','lk0203'),(1,45,1003,1003,21,'20190126','20190225',31,25,'20190225',12.40,347539,27.90,0,347539,33000000,'2','N','2019-03-19 06:30:20','2019-03-19 06:30:20','lk0203','lk0203'),(1,46,1003,1003,22,'20190226','20190325',28,25,'20190325',12.40,313906,27.90,0,313906,33000000,'2','N','2019-03-19 06:30:20','2019-03-19 06:30:20','lk0203','lk0203'),(1,47,1003,1003,23,'20190326','20190425',31,25,'20190425',12.40,347539,27.90,0,347539,33000000,'2','N','2019-03-19 06:30:20','2019-03-19 06:30:20','lk0203','lk0203'),(1,48,1003,1003,24,'20190426','20190609',45,9,'20190525',12.40,504493,27.90,33000000,33504493,0,'2','Y','2019-03-19 06:30:20','2019-03-19 06:30:20','lk0203','lk0203'),(2,25,1003,1003,1,'20170610','20170625',16,25,'20170625',12.40,179375,27.90,0,179375,33000000,'2','N','2019-03-19 06:30:19','2019-03-19 06:30:19','lk0203','lk0203'),(2,26,1003,1003,2,'20170626','20170725',30,25,'20170725',12.40,336328,27.90,0,336328,33000000,'2','N','2019-03-19 06:30:19','2019-03-19 06:30:19','lk0203','lk0203'),(2,27,1003,1003,3,'20170726','20170825',31,25,'20170825',12.40,347539,27.90,0,347539,33000000,'2','N','2019-03-19 06:30:19','2019-03-19 06:30:19','lk0203','lk0203'),(2,28,1003,1003,4,'20170826','20170925',31,25,'20170925',12.40,347539,27.90,0,347539,33000000,'2','N','2019-03-19 06:30:19','2019-03-19 06:30:19','lk0203','lk0203'),(2,29,1003,1003,5,'20170926','20171025',30,25,'20171025',12.40,336328,27.90,0,336328,33000000,'2','N','2019-03-19 06:30:19','2019-03-19 06:30:19','lk0203','lk0203'),(2,30,1003,1003,6,'20171026','20171125',31,25,'20171125',12.40,347539,27.90,0,347539,33000000,'2','N','2019-03-19 06:30:19','2019-03-19 06:30:19','lk0203','lk0203'),(2,31,1003,1003,7,'20171126','20171225',30,25,'20171225',12.40,336328,27.90,0,336328,33000000,'2','N','2019-03-19 06:30:20','2019-03-19 06:30:20','lk0203','lk0203'),(2,32,1003,1003,8,'20171226','20180125',31,25,'20180125',12.40,347539,27.90,0,347539,33000000,'2','N','2019-03-19 06:30:20','2019-03-19 06:30:20','lk0203','lk0203'),(2,33,1003,1003,9,'20180126','20180225',31,25,'20180225',12.40,347539,27.90,0,347539,33000000,'2','N','2019-03-19 06:30:20','2019-03-19 06:30:20','lk0203','lk0203'),(2,34,1003,1003,10,'20180226','20180325',28,25,'20180325',12.40,313906,27.90,0,313906,33000000,'2','N','2019-03-19 06:30:20','2019-03-19 06:30:20','lk0203','lk0203'),(2,35,1003,1003,11,'20180326','20180425',31,25,'20180425',12.40,347539,27.90,0,347539,33000000,'2','N','2019-03-19 06:30:20','2019-03-19 06:30:20','lk0203','lk0203'),(2,36,1003,1003,12,'20180426','20180525',30,25,'20180525',12.40,336328,27.90,0,336328,33000000,'2','N','2019-03-19 06:30:20','2019-03-19 06:30:20','lk0203','lk0203'),(2,37,1003,1003,13,'20180526','20180625',31,25,'20180625',12.40,347539,27.90,0,347539,33000000,'2','N','2019-03-19 06:30:20','2019-03-19 06:30:20','lk0203','lk0203'),(2,38,1003,1003,14,'20180626','20180725',30,25,'20180725',12.40,336328,27.90,0,336328,33000000,'2','N','2019-03-19 06:30:20','2019-03-19 06:30:20','lk0203','lk0203'),(2,39,1003,1003,15,'20180726','20180825',31,25,'20180825',12.40,347539,27.90,0,347539,33000000,'2','N','2019-03-19 06:30:20','2019-03-19 06:30:20','lk0203','lk0203'),(2,40,1003,1003,16,'20180826','20180925',31,25,'20180925',12.40,347539,27.90,0,347539,33000000,'2','N','2019-03-19 06:30:20','2019-03-19 06:30:20','lk0203','lk0203'),(2,41,1003,1003,17,'20180926','20181025',30,25,'20181025',12.40,336328,27.90,0,336328,33000000,'2','N','2019-03-19 06:30:20','2019-03-19 06:30:20','lk0203','lk0203'),(2,42,1003,1003,18,'20181026','20181125',31,25,'20181125',12.40,347539,27.90,0,347539,33000000,'2','N','2019-03-19 06:30:20','2019-03-19 06:30:20','lk0203','lk0203'),(2,43,1003,1003,19,'20181126','20181225',30,25,'20181225',12.40,336328,27.90,0,336328,33000000,'2','N','2019-03-19 06:30:20','2019-03-19 06:30:20','lk0203','lk0203'),(2,44,1003,1003,20,'20181226','20190125',31,25,'20190125',12.40,347539,27.90,0,347539,33000000,'2','N','2019-03-19 06:30:20','2019-03-19 06:30:20','lk0203','lk0203'),(2,45,1003,1003,21,'20190126','20190225',31,25,'20190225',12.40,347539,27.90,0,347539,33000000,'2','N','2019-03-19 06:30:20','2019-03-19 06:30:20','lk0203','lk0203'),(2,46,1003,1003,22,'20190226','20190325',28,25,'20190325',12.40,313906,27.90,0,313906,33000000,'2','N','2019-03-19 06:30:20','2019-03-19 06:30:20','lk0203','lk0203'),(2,47,1003,1003,23,'20190326','20190425',31,25,'20190425',12.40,347539,27.90,0,347539,33000000,'2','N','2019-03-19 06:30:20','2019-03-19 06:30:20','lk0203','lk0203'),(2,48,1003,1003,24,'20190426','20190609',45,9,'20190525',12.40,504493,27.90,33000000,33504493,0,'2','Y','2019-03-19 06:30:20','2019-03-19 06:30:20','lk0203','lk0203'),(3,25,1003,1003,1,'20170610','20170625',16,25,'20170625',12.40,179375,27.90,0,179375,33000000,'2','N','2019-03-19 06:30:19','2019-03-19 06:30:19','lk0203','lk0203'),(3,26,1003,1003,2,'20170626','20170725',30,25,'20170725',12.40,336328,27.90,0,336328,33000000,'2','N','2019-03-19 06:30:19','2019-03-19 06:30:19','lk0203','lk0203'),(3,27,1003,1003,3,'20170726','20170825',31,25,'20170825',12.40,347539,27.90,0,347539,33000000,'2','N','2019-03-19 06:30:19','2019-03-19 06:30:19','lk0203','lk0203'),(3,28,1003,1003,4,'20170826','20170925',31,25,'20170925',12.40,347539,27.90,0,347539,33000000,'2','N','2019-03-19 06:30:19','2019-03-19 06:30:19','lk0203','lk0203'),(3,29,1003,1003,5,'20170926','20171025',30,25,'20171025',12.40,336328,27.90,0,336328,33000000,'2','N','2019-03-19 06:30:19','2019-03-19 06:30:19','lk0203','lk0203'),(3,30,1003,1003,6,'20171026','20171125',31,25,'20171125',12.40,347539,27.90,0,347539,33000000,'2','N','2019-03-19 06:30:19','2019-03-19 06:30:19','lk0203','lk0203'),(3,31,1003,1003,7,'20171126','20171225',30,25,'20171225',12.40,336328,27.90,0,336328,33000000,'2','N','2019-03-19 06:30:20','2019-03-19 06:30:20','lk0203','lk0203'),(3,32,1003,1003,8,'20171226','20180125',31,25,'20180125',12.40,347539,27.90,0,347539,33000000,'2','N','2019-03-19 06:30:20','2019-03-19 06:30:20','lk0203','lk0203'),(3,33,1003,1003,9,'20180126','20180225',31,25,'20180225',12.40,347539,27.90,0,347539,33000000,'2','N','2019-03-19 06:30:20','2019-03-19 06:30:20','lk0203','lk0203'),(3,34,1003,1003,10,'20180226','20180325',28,25,'20180325',12.40,313906,27.90,0,313906,33000000,'2','N','2019-03-19 06:30:20','2019-03-19 06:30:20','lk0203','lk0203'),(3,35,1003,1003,11,'20180326','20180425',31,25,'20180425',12.40,347539,27.90,0,347539,33000000,'2','N','2019-03-19 06:30:20','2019-03-19 06:30:20','lk0203','lk0203'),(3,36,1003,1003,12,'20180426','20180525',30,25,'20180525',12.40,336328,27.90,0,336328,33000000,'2','N','2019-03-19 06:30:20','2019-03-19 06:30:20','lk0203','lk0203'),(3,37,1003,1003,13,'20180526','20180625',31,25,'20180625',12.40,347539,27.90,0,347539,33000000,'2','N','2019-03-19 06:30:20','2019-03-19 06:30:20','lk0203','lk0203'),(3,38,1003,1003,14,'20180626','20180725',30,25,'20180725',12.40,336328,27.90,0,336328,33000000,'2','N','2019-03-19 06:30:20','2019-03-19 06:30:20','lk0203','lk0203'),(3,39,1003,1003,15,'20180726','20180825',31,25,'20180825',12.40,347539,27.90,0,347539,33000000,'2','N','2019-03-19 06:30:20','2019-03-19 06:30:20','lk0203','lk0203'),(3,40,1003,1003,16,'20180826','20180925',31,25,'20180925',12.40,347539,27.90,0,347539,33000000,'2','N','2019-03-19 06:30:20','2019-03-19 06:30:20','lk0203','lk0203'),(3,41,1003,1003,17,'20180926','20181025',30,25,'20181025',12.40,336328,27.90,0,336328,33000000,'2','N','2019-03-19 06:30:20','2019-03-19 06:30:20','lk0203','lk0203'),(3,42,1003,1003,18,'20181026','20181125',31,25,'20181125',12.40,347539,27.90,0,347539,33000000,'2','N','2019-03-19 06:30:20','2019-03-19 06:30:20','lk0203','lk0203'),(3,43,1003,1003,19,'20181126','20181225',30,25,'20181225',12.40,336328,27.90,0,336328,33000000,'2','N','2019-03-19 06:30:20','2019-03-19 06:30:20','lk0203','lk0203'),(3,44,1003,1003,20,'20181226','20190125',31,25,'20190125',12.40,347539,27.90,0,347539,33000000,'2','N','2019-03-19 06:30:20','2019-03-19 06:30:20','lk0203','lk0203'),(3,45,1003,1003,21,'20190126','20190225',31,25,'20190225',12.40,347539,27.90,0,347539,33000000,'2','N','2019-03-19 06:30:20','2019-03-19 06:30:20','lk0203','lk0203'),(3,46,1003,1003,22,'20190226','20190325',28,25,'20190325',12.40,313906,27.90,0,313906,33000000,'2','N','2019-03-19 06:30:20','2019-03-19 06:30:20','lk0203','lk0203'),(3,47,1003,1003,23,'20190326','20190425',31,25,'20190425',12.40,347539,27.90,0,347539,33000000,'2','N','2019-03-19 06:30:20','2019-03-19 06:30:20','lk0203','lk0203'),(3,48,1003,1003,24,'20190426','20190609',45,9,'20190525',12.40,504493,27.90,33000000,33504493,0,'2','Y','2019-03-19 06:30:20','2019-03-19 06:30:20','lk0203','lk0203'),(5,25,1003,1003,1,'20170610','20170625',16,25,'20170625',12.40,179375,27.90,0,179375,33000000,'2','N','2019-03-19 06:30:19','2019-03-19 06:30:19','lk0203','lk0203'),(5,26,1003,1003,2,'20170626','20170725',30,25,'20170725',12.40,336328,27.90,0,336328,33000000,'2','N','2019-03-19 06:30:19','2019-03-19 06:30:19','lk0203','lk0203'),(5,27,1003,1003,3,'20170726','20170825',31,25,'20170825',12.40,347539,27.90,0,347539,33000000,'2','N','2019-03-19 06:30:19','2019-03-19 06:30:19','lk0203','lk0203'),(5,28,1003,1003,4,'20170826','20170925',31,25,'20170925',12.40,347539,27.90,0,347539,33000000,'2','N','2019-03-19 06:30:19','2019-03-19 06:30:19','lk0203','lk0203'),(5,29,1003,1003,5,'20170926','20171025',30,25,'20171025',12.40,336328,27.90,0,336328,33000000,'2','N','2019-03-19 06:30:19','2019-03-19 06:30:19','lk0203','lk0203'),(5,30,1003,1003,6,'20171026','20171125',31,25,'20171125',12.40,347539,27.90,0,347539,33000000,'2','N','2019-03-19 06:30:19','2019-03-19 06:30:19','lk0203','lk0203'),(5,31,1003,1003,7,'20171126','20171225',30,25,'20171225',12.40,336328,27.90,0,336328,33000000,'2','N','2019-03-19 06:30:20','2019-03-19 06:30:20','lk0203','lk0203'),(5,32,1003,1003,8,'20171226','20180125',31,25,'20180125',12.40,347539,27.90,0,347539,33000000,'2','N','2019-03-19 06:30:20','2019-03-19 06:30:20','lk0203','lk0203'),(5,33,1003,1003,9,'20180126','20180225',31,25,'20180225',12.40,347539,27.90,0,347539,33000000,'2','N','2019-03-19 06:30:20','2019-03-19 06:30:20','lk0203','lk0203'),(5,34,1003,1003,10,'20180226','20180325',28,25,'20180325',12.40,313906,27.90,0,313906,33000000,'2','N','2019-03-19 06:30:20','2019-03-19 06:30:20','lk0203','lk0203'),(5,35,1003,1003,11,'20180326','20180425',31,25,'20180425',12.40,347539,27.90,0,347539,33000000,'2','N','2019-03-19 06:30:20','2019-03-19 06:30:20','lk0203','lk0203'),(5,36,1003,1003,12,'20180426','20180525',30,25,'20180525',12.40,336328,27.90,0,336328,33000000,'2','N','2019-03-19 06:30:20','2019-03-19 06:30:20','lk0203','lk0203'),(5,37,1003,1003,13,'20180526','20180625',31,25,'20180625',12.40,347539,27.90,0,347539,33000000,'2','N','2019-03-19 06:30:20','2019-03-19 06:30:20','lk0203','lk0203'),(5,38,1003,1003,14,'20180626','20180725',30,25,'20180725',12.40,336328,27.90,0,336328,33000000,'2','N','2019-03-19 06:30:20','2019-03-19 06:30:20','lk0203','lk0203'),(5,39,1003,1003,15,'20180726','20180825',31,25,'20180825',12.40,347539,27.90,0,347539,33000000,'2','N','2019-03-19 06:30:20','2019-03-19 06:30:20','lk0203','lk0203'),(5,40,1003,1003,16,'20180826','20180925',31,25,'20180925',12.40,347539,27.90,0,347539,33000000,'2','N','2019-03-19 06:30:20','2019-03-19 06:30:20','lk0203','lk0203'),(5,41,1003,1003,17,'20180926','20181025',30,25,'20181025',12.40,336328,27.90,0,336328,33000000,'2','N','2019-03-19 06:30:20','2019-03-19 06:30:20','lk0203','lk0203'),(5,42,1003,1003,18,'20181026','20181125',31,25,'20181125',12.40,347539,27.90,0,347539,33000000,'2','N','2019-03-19 06:30:20','2019-03-19 06:30:20','lk0203','lk0203'),(5,43,1003,1003,19,'20181126','20181225',30,25,'20181225',12.40,336328,27.90,0,336328,33000000,'2','N','2019-03-19 06:30:20','2019-03-19 06:30:20','lk0203','lk0203'),(5,44,1003,1003,20,'20181226','20190125',31,25,'20190125',12.40,347539,27.90,0,347539,33000000,'2','N','2019-03-19 06:30:20','2019-03-19 06:30:20','lk0203','lk0203'),(5,45,1003,1003,21,'20190126','20190225',31,25,'20190225',12.40,347539,27.90,0,347539,33000000,'2','N','2019-03-19 06:30:20','2019-03-19 06:30:20','lk0203','lk0203'),(5,46,1003,1003,22,'20190226','20190325',28,25,'20190325',12.40,313906,27.90,0,313906,33000000,'2','N','2019-03-19 06:30:20','2019-03-19 06:30:20','lk0203','lk0203'),(5,47,1003,1003,23,'20190326','20190425',31,25,'20190425',12.40,347539,27.90,0,347539,33000000,'2','N','2019-03-19 06:30:20','2019-03-19 06:30:20','lk0203','lk0203'),(5,48,1003,1003,24,'20190426','20190609',45,9,'20190525',12.40,504493,27.90,33000000,33504493,0,'2','Y','2019-03-19 06:30:20','2019-03-19 06:30:20','lk0203','lk0203'),(6,25,1003,1003,1,'20170610','20170625',16,25,'20170625',12.40,179375,27.90,0,179375,33000000,'2','N','2019-03-19 06:30:19','2019-03-19 06:30:19','lk0203','lk0203'),(6,26,1003,1003,2,'20170626','20170725',30,25,'20170725',12.40,336328,27.90,0,336328,33000000,'2','N','2019-03-19 06:30:19','2019-03-19 06:30:19','lk0203','lk0203'),(6,27,1003,1003,3,'20170726','20170825',31,25,'20170825',12.40,347539,27.90,0,347539,33000000,'2','N','2019-03-19 06:30:19','2019-03-19 06:30:19','lk0203','lk0203'),(6,28,1003,1003,4,'20170826','20170925',31,25,'20170925',12.40,347539,27.90,0,347539,33000000,'2','N','2019-03-19 06:30:19','2019-03-19 06:30:19','lk0203','lk0203'),(6,29,1003,1003,5,'20170926','20171025',30,25,'20171025',12.40,336328,27.90,0,336328,33000000,'2','N','2019-03-19 06:30:19','2019-03-19 06:30:19','lk0203','lk0203'),(6,30,1003,1003,6,'20171026','20171125',31,25,'20171125',12.40,347539,27.90,0,347539,33000000,'2','N','2019-03-19 06:30:19','2019-03-19 06:30:19','lk0203','lk0203'),(6,31,1003,1003,7,'20171126','20171225',30,25,'20171225',12.40,336328,27.90,0,336328,33000000,'2','N','2019-03-19 06:30:20','2019-03-19 06:30:20','lk0203','lk0203'),(6,32,1003,1003,8,'20171226','20180125',31,25,'20180125',12.40,347539,27.90,0,347539,33000000,'2','N','2019-03-19 06:30:20','2019-03-19 06:30:20','lk0203','lk0203'),(6,33,1003,1003,9,'20180126','20180225',31,25,'20180225',12.40,347539,27.90,0,347539,33000000,'2','N','2019-03-19 06:30:20','2019-03-19 06:30:20','lk0203','lk0203'),(6,34,1003,1003,10,'20180226','20180325',28,25,'20180325',12.40,313906,27.90,0,313906,33000000,'2','N','2019-03-19 06:30:20','2019-03-19 06:30:20','lk0203','lk0203'),(6,35,1003,1003,11,'20180326','20180425',31,25,'20180425',12.40,347539,27.90,0,347539,33000000,'2','N','2019-03-19 06:30:20','2019-03-19 06:30:20','lk0203','lk0203'),(6,36,1003,1003,12,'20180426','20180525',30,25,'20180525',12.40,336328,27.90,0,336328,33000000,'2','N','2019-03-19 06:30:20','2019-03-19 06:30:20','lk0203','lk0203'),(6,37,1003,1003,13,'20180526','20180625',31,25,'20180625',12.40,347539,27.90,0,347539,33000000,'2','N','2019-03-19 06:30:20','2019-03-19 06:30:20','lk0203','lk0203'),(6,38,1003,1003,14,'20180626','20180725',30,25,'20180725',12.40,336328,27.90,0,336328,33000000,'2','N','2019-03-19 06:30:20','2019-03-19 06:30:20','lk0203','lk0203'),(6,39,1003,1003,15,'20180726','20180825',31,25,'20180825',12.40,347539,27.90,0,347539,33000000,'2','N','2019-03-19 06:30:20','2019-03-19 06:30:20','lk0203','lk0203'),(6,40,1003,1003,16,'20180826','20180925',31,25,'20180925',12.40,347539,27.90,0,347539,33000000,'2','N','2019-03-19 06:30:20','2019-03-19 06:30:20','lk0203','lk0203'),(6,41,1003,1003,17,'20180926','20181025',30,25,'20181025',12.40,336328,27.90,0,336328,33000000,'2','N','2019-03-19 06:30:20','2019-03-19 06:30:20','lk0203','lk0203'),(6,42,1003,1003,18,'20181026','20181125',31,25,'20181125',12.40,347539,27.90,0,347539,33000000,'2','N','2019-03-19 06:30:20','2019-03-19 06:30:20','lk0203','lk0203'),(6,43,1003,1003,19,'20181126','20181225',30,25,'20181225',12.40,336328,27.90,0,336328,33000000,'2','N','2019-03-19 06:30:20','2019-03-19 06:30:20','lk0203','lk0203'),(6,44,1003,1003,20,'20181226','20190125',31,25,'20190125',12.40,347539,27.90,0,347539,33000000,'2','N','2019-03-19 06:30:20','2019-03-19 06:30:20','lk0203','lk0203'),(6,45,1003,1003,21,'20190126','20190225',31,25,'20190225',12.40,347539,27.90,0,347539,33000000,'2','N','2019-03-19 06:30:20','2019-03-19 06:30:20','lk0203','lk0203'),(6,46,1003,1003,22,'20190226','20190325',28,25,'20190325',12.40,313906,27.90,0,313906,33000000,'2','N','2019-03-19 06:30:20','2019-03-19 06:30:20','lk0203','lk0203'),(6,47,1003,1003,23,'20190326','20190425',31,25,'20190425',12.40,347539,27.90,0,347539,33000000,'2','N','2019-03-19 06:30:20','2019-03-19 06:30:20','lk0203','lk0203'),(6,48,1003,1003,24,'20190426','20190609',45,9,'20190525',12.40,504493,27.90,33000000,33504493,0,'2','Y','2019-03-19 06:30:20','2019-03-19 06:30:20','lk0203','lk0203'),(7,361,1007,1007,1,'20170711','20170725',15,25,'20170725',14.00,339452,27.90,0,339452,59000000,'2','N','2019-04-04 03:51:25','2019-04-04 03:51:25','lklk','lklk'),(7,362,1007,1007,2,'20170726','20170825',31,25,'20170825',14.00,701534,27.90,0,701534,59000000,'2','N','2019-04-04 03:51:25','2019-04-04 03:51:25','lklk','lklk'),(7,363,1007,1007,3,'20170826','20170925',31,25,'20170925',14.00,701534,27.90,0,701534,59000000,'2','N','2019-04-04 03:51:25','2019-04-04 03:51:25','lklk','lklk'),(7,364,1007,1007,4,'20170926','20171025',30,25,'20171025',14.00,678904,27.90,0,678904,59000000,'2','N','2019-04-04 03:51:25','2019-04-04 03:51:25','lklk','lklk'),(7,365,1007,1007,5,'20171026','20171125',31,25,'20171125',14.00,701534,27.90,0,701534,59000000,'2','N','2019-04-04 03:51:25','2019-04-04 03:51:25','lklk','lklk'),(7,366,1007,1007,6,'20171126','20171225',30,25,'20171225',14.00,678904,27.90,0,678904,59000000,'2','N','2019-04-04 03:51:25','2019-04-04 03:51:25','lklk','lklk'),(7,367,1007,1007,7,'20171226','20180125',31,25,'20180125',14.00,701534,27.90,0,701534,59000000,'2','N','2019-04-04 03:51:25','2019-04-04 03:51:25','lklk','lklk'),(7,368,1007,1007,8,'20180126','20180225',31,25,'20180225',14.00,701534,27.90,0,701534,59000000,'2','N','2019-04-04 03:51:25','2019-04-04 03:51:25','lklk','lklk'),(7,369,1007,1007,9,'20180226','20180325',28,25,'20180325',14.00,633643,27.90,0,633643,59000000,'2','N','2019-04-04 03:51:25','2019-04-04 03:51:25','lklk','lklk'),(7,370,1007,1007,10,'20180326','20180425',31,25,'20180425',14.00,701534,27.90,0,701534,59000000,'2','N','2019-04-04 03:51:25','2019-04-04 03:51:25','lklk','lklk'),(7,371,1007,1007,11,'20180426','20180525',30,25,'20180525',14.00,678904,27.90,0,678904,59000000,'2','N','2019-04-04 03:51:25','2019-04-04 03:51:25','lklk','lklk'),(7,372,1007,1007,12,'20180526','20180625',31,25,'20180625',14.00,701534,27.90,0,701534,59000000,'2','N','2019-04-04 03:51:25','2019-04-04 03:51:25','lklk','lklk'),(7,373,1007,1007,13,'20180626','20180725',30,25,'20180725',14.00,678904,27.90,0,678904,59000000,'2','N','2019-04-04 03:51:25','2019-04-04 03:51:25','lklk','lklk'),(7,374,1007,1007,14,'20180726','20180825',31,25,'20180825',14.00,701534,27.90,0,701534,59000000,'2','N','2019-04-04 03:51:25','2019-04-04 03:51:25','lklk','lklk'),(7,375,1007,1007,15,'20180826','20180925',31,25,'20180925',14.00,701534,27.90,0,701534,59000000,'2','N','2019-04-04 03:51:25','2019-04-04 03:51:25','lklk','lklk'),(7,376,1007,1007,16,'20180926','20181025',30,25,'20181025',14.00,678904,27.90,0,678904,59000000,'2','N','2019-04-04 03:51:25','2019-04-04 03:51:25','lklk','lklk'),(7,377,1007,1007,17,'20181026','20181125',31,25,'20181125',14.00,701534,27.90,0,701534,59000000,'2','N','2019-04-04 03:51:26','2019-04-04 03:51:26','lklk','lklk'),(7,378,1007,1007,18,'20181126','20181225',30,25,'20181225',14.00,678904,27.90,0,678904,59000000,'2','N','2019-04-04 03:51:26','2019-04-04 03:51:26','lklk','lklk'),(7,379,1007,1007,19,'20181226','20190125',31,25,'20190125',14.00,701534,27.90,0,701534,59000000,'2','N','2019-04-04 03:51:26','2019-04-04 03:51:26','lklk','lklk'),(7,380,1007,1007,20,'20190126','20190225',31,25,'20190225',14.00,701534,27.90,0,701534,59000000,'2','N','2019-04-04 03:51:26','2019-04-04 03:51:26','lklk','lklk'),(7,381,1007,1007,21,'20190226','20190325',28,25,'20190325',14.00,633643,27.90,0,633643,59000000,'2','N','2019-04-04 03:51:26','2019-04-04 03:51:26','lklk','lklk'),(7,382,1007,1007,22,'20190326','20190425',31,25,'20190425',14.00,701534,27.90,0,701534,59000000,'2','N','2019-04-04 03:51:26','2019-04-04 03:51:26','lklk','lklk'),(7,383,1007,1007,23,'20190426','20190525',30,25,'20190525',14.00,678904,27.90,0,678904,59000000,'2','N','2019-04-04 03:51:26','2019-04-04 03:51:26','lklk','lklk'),(7,384,1007,1007,24,'20190526','20190710',46,10,'20190625',14.00,1040986,27.90,59000000,60040986,0,'2','Y','2019-04-04 03:51:26','2019-04-04 03:51:26','lklk','lklk'),(8,361,1007,1007,1,'20170711','20170725',15,25,'20170725',14.00,339452,27.90,0,339452,59000000,'2','N','2019-04-04 03:51:25','2019-04-04 03:51:25','lklk','lklk'),(8,362,1007,1007,2,'20170726','20170825',31,25,'20170825',14.00,701534,27.90,0,701534,59000000,'2','N','2019-04-04 03:51:25','2019-04-04 03:51:25','lklk','lklk'),(8,363,1007,1007,3,'20170826','20170925',31,25,'20170925',14.00,701534,27.90,0,701534,59000000,'2','N','2019-04-04 03:51:25','2019-04-04 03:51:25','lklk','lklk'),(8,364,1007,1007,4,'20170926','20171025',30,25,'20171025',14.00,678904,27.90,0,678904,59000000,'2','N','2019-04-04 03:51:25','2019-04-04 03:51:25','lklk','lklk'),(8,365,1007,1007,5,'20171026','20171125',31,25,'20171125',14.00,701534,27.90,0,701534,59000000,'2','N','2019-04-04 03:51:25','2019-04-04 03:51:25','lklk','lklk'),(8,366,1007,1007,6,'20171126','20171225',30,25,'20171225',14.00,678904,27.90,0,678904,59000000,'2','N','2019-04-04 03:51:25','2019-04-04 03:51:25','lklk','lklk'),(8,367,1007,1007,7,'20171226','20180125',31,25,'20180125',14.00,701534,27.90,0,701534,59000000,'2','N','2019-04-04 03:51:25','2019-04-04 03:51:25','lklk','lklk'),(8,368,1007,1007,8,'20180126','20180225',31,25,'20180225',14.00,701534,27.90,0,701534,59000000,'2','N','2019-04-04 03:51:25','2019-04-04 03:51:25','lklk','lklk'),(8,369,1007,1007,9,'20180226','20180325',28,25,'20180325',14.00,633643,27.90,0,633643,59000000,'2','N','2019-04-04 03:51:25','2019-04-04 03:51:25','lklk','lklk'),(8,370,1007,1007,10,'20180326','20180425',31,25,'20180425',14.00,701534,27.90,0,701534,59000000,'2','N','2019-04-04 03:51:25','2019-04-04 03:51:25','lklk','lklk'),(8,371,1007,1007,11,'20180426','20180525',30,25,'20180525',14.00,678904,27.90,0,678904,59000000,'2','N','2019-04-04 03:51:25','2019-04-04 03:51:25','lklk','lklk'),(8,372,1007,1007,12,'20180526','20180625',31,25,'20180625',14.00,701534,27.90,0,701534,59000000,'2','N','2019-04-04 03:51:25','2019-04-04 03:51:25','lklk','lklk'),(8,373,1007,1007,13,'20180626','20180725',30,25,'20180725',14.00,678904,27.90,0,678904,59000000,'2','N','2019-04-04 03:51:25','2019-04-04 03:51:25','lklk','lklk'),(8,374,1007,1007,14,'20180726','20180825',31,25,'20180825',14.00,701534,27.90,0,701534,59000000,'2','N','2019-04-04 03:51:25','2019-04-04 03:51:25','lklk','lklk'),(8,375,1007,1007,15,'20180826','20180925',31,25,'20180925',14.00,701534,27.90,0,701534,59000000,'2','N','2019-04-04 03:51:25','2019-04-04 03:51:25','lklk','lklk'),(8,376,1007,1007,16,'20180926','20181025',30,25,'20181025',14.00,678904,27.90,0,678904,59000000,'2','N','2019-04-04 03:51:25','2019-04-04 03:51:25','lklk','lklk'),(8,377,1007,1007,17,'20181026','20181125',31,25,'20181125',14.00,701534,27.90,0,701534,59000000,'2','N','2019-04-04 03:51:26','2019-04-04 03:51:26','lklk','lklk'),(8,378,1007,1007,18,'20181126','20181225',30,25,'20181225',14.00,678904,27.90,0,678904,59000000,'2','N','2019-04-04 03:51:26','2019-04-04 03:51:26','lklk','lklk'),(8,379,1007,1007,19,'20181226','20190125',31,25,'20190125',14.00,701534,27.90,0,701534,59000000,'2','N','2019-04-04 03:51:26','2019-04-04 03:51:26','lklk','lklk'),(8,380,1007,1007,20,'20190126','20190225',31,25,'20190225',14.00,701534,27.90,0,701534,59000000,'2','N','2019-04-04 03:51:26','2019-04-04 03:51:26','lklk','lklk'),(8,381,1007,1007,21,'20190226','20190325',28,25,'20190325',14.00,633643,27.90,0,633643,59000000,'2','N','2019-04-04 03:51:26','2019-04-04 03:51:26','lklk','lklk'),(8,382,1007,1007,22,'20190326','20190425',31,25,'20190425',14.00,701534,27.90,0,701534,59000000,'2','N','2019-04-04 03:51:26','2019-04-04 03:51:26','lklk','lklk'),(8,383,1007,1007,23,'20190426','20190525',30,25,'20190525',14.00,678904,27.90,0,678904,59000000,'2','N','2019-04-04 03:51:26','2019-04-04 03:51:26','lklk','lklk'),(8,384,1007,1007,24,'20190526','20190710',46,10,'20190625',14.00,1040986,27.90,59000000,60040986,0,'2','Y','2019-04-04 03:51:26','2019-04-04 03:51:26','lklk','lklk'),(9,361,1007,1007,1,'20170711','20170725',15,25,'20170725',14.00,339452,27.90,0,339452,59000000,'2','N','2019-04-04 03:51:25','2019-04-04 03:51:25','lklk','lklk'),(9,362,1007,1007,2,'20170726','20170825',31,25,'20170825',14.00,701534,27.90,0,701534,59000000,'2','N','2019-04-04 03:51:25','2019-04-04 03:51:25','lklk','lklk'),(9,363,1007,1007,3,'20170826','20170925',31,25,'20170925',14.00,701534,27.90,0,701534,59000000,'2','N','2019-04-04 03:51:25','2019-04-04 03:51:25','lklk','lklk'),(9,364,1007,1007,4,'20170926','20171025',30,25,'20171025',14.00,678904,27.90,0,678904,59000000,'2','N','2019-04-04 03:51:25','2019-04-04 03:51:25','lklk','lklk'),(9,365,1007,1007,5,'20171026','20171125',31,25,'20171125',14.00,701534,27.90,0,701534,59000000,'2','N','2019-04-04 03:51:25','2019-04-04 03:51:25','lklk','lklk'),(9,366,1007,1007,6,'20171126','20171225',30,25,'20171225',14.00,678904,27.90,0,678904,59000000,'2','N','2019-04-04 03:51:25','2019-04-04 03:51:25','lklk','lklk'),(9,367,1007,1007,7,'20171226','20180125',31,25,'20180125',14.00,701534,27.90,0,701534,59000000,'2','N','2019-04-04 03:51:25','2019-04-04 03:51:25','lklk','lklk'),(9,368,1007,1007,8,'20180126','20180225',31,25,'20180225',14.00,701534,27.90,0,701534,59000000,'2','N','2019-04-04 03:51:25','2019-04-04 03:51:25','lklk','lklk'),(9,369,1007,1007,9,'20180226','20180325',28,25,'20180325',14.00,633643,27.90,0,633643,59000000,'2','N','2019-04-04 03:51:25','2019-04-04 03:51:25','lklk','lklk'),(9,370,1007,1007,10,'20180326','20180425',31,25,'20180425',14.00,701534,27.90,0,701534,59000000,'2','N','2019-04-04 03:51:25','2019-04-04 03:51:25','lklk','lklk'),(9,371,1007,1007,11,'20180426','20180525',30,25,'20180525',14.00,678904,27.90,0,678904,59000000,'2','N','2019-04-04 03:51:25','2019-04-04 03:51:25','lklk','lklk'),(9,372,1007,1007,12,'20180526','20180625',31,25,'20180625',14.00,701534,27.90,0,701534,59000000,'2','N','2019-04-04 03:51:25','2019-04-04 03:51:25','lklk','lklk'),(9,373,1007,1007,13,'20180626','20180725',30,25,'20180725',14.00,678904,27.90,0,678904,59000000,'2','N','2019-04-04 03:51:25','2019-04-04 03:51:25','lklk','lklk'),(9,374,1007,1007,14,'20180726','20180825',31,25,'20180825',14.00,701534,27.90,0,701534,59000000,'2','N','2019-04-04 03:51:25','2019-04-04 03:51:25','lklk','lklk'),(9,375,1007,1007,15,'20180826','20180925',31,25,'20180925',14.00,701534,27.90,0,701534,59000000,'2','N','2019-04-04 03:51:25','2019-04-04 03:51:25','lklk','lklk'),(9,376,1007,1007,16,'20180926','20181025',30,25,'20181025',14.00,678904,27.90,0,678904,59000000,'2','N','2019-04-04 03:51:25','2019-04-04 03:51:25','lklk','lklk'),(9,377,1007,1007,17,'20181026','20181125',31,25,'20181125',14.00,701534,27.90,0,701534,59000000,'2','N','2019-04-04 03:51:26','2019-04-04 03:51:26','lklk','lklk'),(9,378,1007,1007,18,'20181126','20181225',30,25,'20181225',14.00,678904,27.90,0,678904,59000000,'2','N','2019-04-04 03:51:26','2019-04-04 03:51:26','lklk','lklk'),(9,379,1007,1007,19,'20181226','20190125',31,25,'20190125',14.00,701534,27.90,0,701534,59000000,'2','N','2019-04-04 03:51:26','2019-04-04 03:51:26','lklk','lklk'),(9,380,1007,1007,20,'20190126','20190225',31,25,'20190225',14.00,701534,27.90,0,701534,59000000,'2','N','2019-04-04 03:51:26','2019-04-04 03:51:26','lklk','lklk'),(9,381,1007,1007,21,'20190226','20190325',28,25,'20190325',14.00,633643,27.90,0,633643,59000000,'2','N','2019-04-04 03:51:26','2019-04-04 03:51:26','lklk','lklk'),(9,382,1007,1007,22,'20190326','20190425',31,25,'20190425',14.00,701534,27.90,0,701534,59000000,'2','N','2019-04-04 03:51:26','2019-04-04 03:51:26','lklk','lklk'),(9,383,1007,1007,23,'20190426','20190525',30,25,'20190525',14.00,678904,27.90,0,678904,59000000,'2','N','2019-04-04 03:51:26','2019-04-04 03:51:26','lklk','lklk'),(9,384,1007,1007,24,'20190526','20190710',46,10,'20190625',14.00,1040986,27.90,59000000,60040986,0,'2','Y','2019-04-04 03:51:26','2019-04-04 03:51:26','lklk','lklk'),(10,361,1007,1007,1,'20170711','20170725',15,25,'20170725',14.00,339452,27.90,0,339452,59000000,'2','N','2019-04-04 03:51:25','2019-04-04 03:51:25','lklk','lklk'),(10,362,1007,1007,2,'20170726','20170825',31,25,'20170825',14.00,701534,27.90,0,701534,59000000,'2','N','2019-04-04 03:51:25','2019-04-04 03:51:25','lklk','lklk'),(10,363,1007,1007,3,'20170826','20170925',31,25,'20170925',14.00,701534,27.90,0,701534,59000000,'2','N','2019-04-04 03:51:25','2019-04-04 03:51:25','lklk','lklk'),(10,364,1007,1007,4,'20170926','20171025',30,25,'20171025',14.00,678904,27.90,0,678904,59000000,'2','N','2019-04-04 03:51:25','2019-04-04 03:51:25','lklk','lklk'),(10,365,1007,1007,5,'20171026','20171125',31,25,'20171125',14.00,701534,27.90,0,701534,59000000,'2','N','2019-04-04 03:51:25','2019-04-04 03:51:25','lklk','lklk'),(10,366,1007,1007,6,'20171126','20171225',30,25,'20171225',14.00,678904,27.90,0,678904,59000000,'2','N','2019-04-04 03:51:25','2019-04-04 03:51:25','lklk','lklk'),(10,367,1007,1007,7,'20171226','20180125',31,25,'20180125',14.00,701534,27.90,0,701534,59000000,'2','N','2019-04-04 03:51:25','2019-04-04 03:51:25','lklk','lklk'),(10,368,1007,1007,8,'20180126','20180225',31,25,'20180225',14.00,701534,27.90,0,701534,59000000,'2','N','2019-04-04 03:51:25','2019-04-04 03:51:25','lklk','lklk'),(10,369,1007,1007,9,'20180226','20180325',28,25,'20180325',14.00,633643,27.90,0,633643,59000000,'2','N','2019-04-04 03:51:25','2019-04-04 03:51:25','lklk','lklk'),(10,370,1007,1007,10,'20180326','20180425',31,25,'20180425',14.00,701534,27.90,0,701534,59000000,'2','N','2019-04-04 03:51:25','2019-04-04 03:51:25','lklk','lklk'),(10,371,1007,1007,11,'20180426','20180525',30,25,'20180525',14.00,678904,27.90,0,678904,59000000,'2','N','2019-04-04 03:51:25','2019-04-04 03:51:25','lklk','lklk'),(10,372,1007,1007,12,'20180526','20180625',31,25,'20180625',14.00,701534,27.90,0,701534,59000000,'2','N','2019-04-04 03:51:25','2019-04-04 03:51:25','lklk','lklk'),(10,373,1007,1007,13,'20180626','20180725',30,25,'20180725',14.00,678904,27.90,0,678904,59000000,'2','N','2019-04-04 03:51:25','2019-04-04 03:51:25','lklk','lklk'),(10,374,1007,1007,14,'20180726','20180825',31,25,'20180825',14.00,701534,27.90,0,701534,59000000,'2','N','2019-04-04 03:51:25','2019-04-04 03:51:25','lklk','lklk'),(10,375,1007,1007,15,'20180826','20180925',31,25,'20180925',14.00,701534,27.90,0,701534,59000000,'2','N','2019-04-04 03:51:25','2019-04-04 03:51:25','lklk','lklk'),(10,376,1007,1007,16,'20180926','20181025',30,25,'20181025',14.00,678904,27.90,0,678904,59000000,'2','N','2019-04-04 03:51:25','2019-04-04 03:51:25','lklk','lklk'),(10,377,1007,1007,17,'20181026','20181125',31,25,'20181125',14.00,701534,27.90,0,701534,59000000,'2','N','2019-04-04 03:51:26','2019-04-04 03:51:26','lklk','lklk'),(10,378,1007,1007,18,'20181126','20181225',30,25,'20181225',14.00,678904,27.90,0,678904,59000000,'2','N','2019-04-04 03:51:26','2019-04-04 03:51:26','lklk','lklk'),(10,379,1007,1007,19,'20181226','20190125',31,25,'20190125',14.00,701534,27.90,0,701534,59000000,'2','N','2019-04-04 03:51:26','2019-04-04 03:51:26','lklk','lklk'),(10,380,1007,1007,20,'20190126','20190225',31,25,'20190225',14.00,701534,27.90,0,701534,59000000,'2','N','2019-04-04 03:51:26','2019-04-04 03:51:26','lklk','lklk'),(10,381,1007,1007,21,'20190226','20190325',28,25,'20190325',14.00,633643,27.90,0,633643,59000000,'2','N','2019-04-04 03:51:26','2019-04-04 03:51:26','lklk','lklk'),(10,382,1007,1007,22,'20190326','20190425',31,25,'20190425',14.00,701534,27.90,0,701534,59000000,'2','N','2019-04-04 03:51:26','2019-04-04 03:51:26','lklk','lklk'),(10,383,1007,1007,23,'20190426','20190525',30,25,'20190525',14.00,678904,27.90,0,678904,59000000,'2','N','2019-04-04 03:51:26','2019-04-04 03:51:26','lklk','lklk'),(10,384,1007,1007,24,'20190526','20190710',46,10,'20190625',14.00,1040986,27.90,59000000,60040986,0,'2','Y','2019-04-04 03:51:26','2019-04-04 03:51:26','lklk','lklk'),(11,361,1007,1007,1,'20170711','20170725',15,25,'20170725',14.00,339452,27.90,0,339452,59000000,'2','N','2019-04-04 03:51:25','2019-04-04 03:51:25','lklk','lklk'),(11,362,1007,1007,2,'20170726','20170825',31,25,'20170825',14.00,701534,27.90,0,701534,59000000,'2','N','2019-04-04 03:51:25','2019-04-04 03:51:25','lklk','lklk'),(11,363,1007,1007,3,'20170826','20170925',31,25,'20170925',14.00,701534,27.90,0,701534,59000000,'2','N','2019-04-04 03:51:25','2019-04-04 03:51:25','lklk','lklk'),(11,364,1007,1007,4,'20170926','20171025',30,25,'20171025',14.00,678904,27.90,0,678904,59000000,'2','N','2019-04-04 03:51:25','2019-04-04 03:51:25','lklk','lklk'),(11,365,1007,1007,5,'20171026','20171125',31,25,'20171125',14.00,701534,27.90,0,701534,59000000,'2','N','2019-04-04 03:51:25','2019-04-04 03:51:25','lklk','lklk'),(11,366,1007,1007,6,'20171126','20171225',30,25,'20171225',14.00,678904,27.90,0,678904,59000000,'2','N','2019-04-04 03:51:25','2019-04-04 03:51:25','lklk','lklk'),(11,367,1007,1007,7,'20171226','20180125',31,25,'20180125',14.00,701534,27.90,0,701534,59000000,'2','N','2019-04-04 03:51:25','2019-04-04 03:51:25','lklk','lklk'),(11,368,1007,1007,8,'20180126','20180225',31,25,'20180225',14.00,701534,27.90,0,701534,59000000,'2','N','2019-04-04 03:51:25','2019-04-04 03:51:25','lklk','lklk'),(11,369,1007,1007,9,'20180226','20180325',28,25,'20180325',14.00,633643,27.90,0,633643,59000000,'2','N','2019-04-04 03:51:25','2019-04-04 03:51:25','lklk','lklk'),(11,370,1007,1007,10,'20180326','20180425',31,25,'20180425',14.00,701534,27.90,0,701534,59000000,'2','N','2019-04-04 03:51:25','2019-04-04 03:51:25','lklk','lklk'),(11,371,1007,1007,11,'20180426','20180525',30,25,'20180525',14.00,678904,27.90,0,678904,59000000,'2','N','2019-04-04 03:51:25','2019-04-04 03:51:25','lklk','lklk'),(11,372,1007,1007,12,'20180526','20180625',31,25,'20180625',14.00,701534,27.90,0,701534,59000000,'2','N','2019-04-04 03:51:25','2019-04-04 03:51:25','lklk','lklk'),(11,373,1007,1007,13,'20180626','20180725',30,25,'20180725',14.00,678904,27.90,0,678904,59000000,'2','N','2019-04-04 03:51:25','2019-04-04 03:51:25','lklk','lklk'),(11,374,1007,1007,14,'20180726','20180825',31,25,'20180825',14.00,701534,27.90,0,701534,59000000,'2','N','2019-04-04 03:51:25','2019-04-04 03:51:25','lklk','lklk'),(11,375,1007,1007,15,'20180826','20180925',31,25,'20180925',14.00,701534,27.90,0,701534,59000000,'2','N','2019-04-04 03:51:25','2019-04-04 03:51:25','lklk','lklk'),(11,376,1007,1007,16,'20180926','20181025',30,25,'20181025',14.00,678904,27.90,0,678904,59000000,'2','N','2019-04-04 03:51:25','2019-04-04 03:51:25','lklk','lklk'),(11,377,1007,1007,17,'20181026','20181125',31,25,'20181125',14.00,701534,27.90,0,701534,59000000,'2','N','2019-04-04 03:51:26','2019-04-04 03:51:26','lklk','lklk'),(11,378,1007,1007,18,'20181126','20181225',30,25,'20181225',14.00,678904,27.90,0,678904,59000000,'2','N','2019-04-04 03:51:26','2019-04-04 03:51:26','lklk','lklk'),(11,379,1007,1007,19,'20181226','20190125',31,25,'20190125',14.00,701534,27.90,0,701534,59000000,'2','N','2019-04-04 03:51:26','2019-04-04 03:51:26','lklk','lklk'),(11,380,1007,1007,20,'20190126','20190225',31,25,'20190225',14.00,701534,27.90,0,701534,59000000,'2','N','2019-04-04 03:51:26','2019-04-04 03:51:26','lklk','lklk'),(11,381,1007,1007,21,'20190226','20190325',28,25,'20190325',14.00,633643,27.90,0,633643,59000000,'2','N','2019-04-04 03:51:26','2019-04-04 03:51:26','lklk','lklk'),(11,382,1007,1007,22,'20190326','20190425',31,25,'20190425',14.00,701534,27.90,0,701534,59000000,'2','N','2019-04-04 03:51:26','2019-04-04 03:51:26','lklk','lklk'),(11,383,1007,1007,23,'20190426','20190525',30,25,'20190525',14.00,678904,27.90,0,678904,59000000,'2','N','2019-04-04 03:51:26','2019-04-04 03:51:26','lklk','lklk'),(11,384,1007,1007,24,'20190526','20190710',46,10,'20190625',14.00,1040986,27.90,59000000,60040986,0,'2','Y','2019-04-04 03:51:26','2019-04-04 03:51:26','lklk','lklk'),(13,429,1008,1008,1,'20190306','20190405',31,5,'20190405',12.00,50958,24.00,0,50958,5000000,'2','N','2019-04-04 06:23:23','2019-04-04 06:23:23','knoone','knoone'),(13,430,1008,1008,2,'20190406','20190505',30,5,'20190505',12.00,49315,24.00,0,49315,5000000,'2','N','2019-04-04 06:23:23','2019-04-04 06:23:23','knoone','knoone'),(13,431,1008,1008,3,'20190506','20190605',31,5,'20190605',12.00,50958,24.00,0,50958,5000000,'2','N','2019-04-04 06:23:23','2019-04-04 06:23:23','knoone','knoone'),(13,432,1008,1008,4,'20190606','20190705',30,5,'20190705',12.00,49315,24.00,0,49315,5000000,'2','N','2019-04-04 06:23:23','2019-04-04 06:23:23','knoone','knoone'),(13,433,1008,1008,5,'20190706','20190805',31,5,'20190805',12.00,50958,24.00,0,50958,5000000,'2','N','2019-04-04 06:23:23','2019-04-04 06:23:23','knoone','knoone'),(13,434,1008,1008,6,'20190806','20190905',31,5,'20190905',12.00,50958,24.00,0,50958,5000000,'2','N','2019-04-04 06:23:23','2019-04-04 06:23:23','knoone','knoone'),(13,435,1008,1008,7,'20190906','20191005',30,5,'20191005',12.00,49315,24.00,0,49315,5000000,'2','N','2019-04-04 06:23:23','2019-04-04 06:23:23','knoone','knoone'),(13,436,1008,1008,8,'20191006','20191105',31,5,'20191105',12.00,50958,24.00,0,50958,5000000,'2','N','2019-04-04 06:23:23','2019-04-04 06:23:23','knoone','knoone'),(13,437,1008,1008,9,'20191106','20191205',30,5,'20191205',12.00,49315,24.00,0,49315,5000000,'2','N','2019-04-04 06:23:23','2019-04-04 06:23:23','knoone','knoone'),(13,438,1008,1008,10,'20191206','20200105',31,5,'20200105',12.00,50958,24.00,0,50958,5000000,'2','N','2019-04-04 06:23:23','2019-04-04 06:23:23','knoone','knoone'),(13,439,1008,1008,11,'20200106','20200205',31,5,'20200205',12.00,50958,24.00,0,50958,5000000,'2','N','2019-04-04 06:23:23','2019-04-04 06:23:23','knoone','knoone'),(13,440,1008,1008,12,'20200206','20200305',29,5,'20200305',12.00,47671,24.00,0,47671,5000000,'2','N','2019-04-04 06:23:23','2019-04-04 06:23:23','knoone','knoone'),(13,441,1008,1008,13,'20200306','20200405',31,5,'20200405',12.00,50958,24.00,0,50958,5000000,'2','N','2019-04-04 06:23:23','2019-04-04 06:23:23','knoone','knoone'),(13,442,1008,1008,14,'20200406','20200505',30,5,'20200505',12.00,49315,24.00,0,49315,5000000,'2','N','2019-04-04 06:23:23','2019-04-04 06:23:23','knoone','knoone'),(13,443,1008,1008,15,'20200506','20200605',31,5,'20200605',12.00,50958,24.00,0,50958,5000000,'2','N','2019-04-04 06:23:23','2019-04-04 06:23:23','knoone','knoone'),(13,444,1008,1008,16,'20200606','20200705',30,5,'20200705',12.00,49315,24.00,0,49315,5000000,'2','N','2019-04-04 06:23:23','2019-04-04 06:23:23','knoone','knoone'),(13,445,1008,1008,17,'20200706','20200805',31,5,'20200805',12.00,50958,24.00,0,50958,5000000,'2','N','2019-04-04 06:23:23','2019-04-04 06:23:23','knoone','knoone'),(13,446,1008,1008,18,'20200806','20200905',31,5,'20200905',12.00,50958,24.00,0,50958,5000000,'2','N','2019-04-04 06:23:23','2019-04-04 06:23:23','knoone','knoone'),(13,447,1008,1008,19,'20200906','20201005',30,5,'20201005',12.00,49315,24.00,0,49315,5000000,'2','N','2019-04-04 06:23:23','2019-04-04 06:23:23','knoone','knoone'),(13,448,1008,1008,20,'20201006','20201105',31,5,'20201105',12.00,50958,24.00,0,50958,5000000,'2','N','2019-04-04 06:23:23','2019-04-04 06:23:23','knoone','knoone'),(13,449,1008,1008,21,'20201106','20201205',30,5,'20201205',12.00,49315,24.00,0,49315,5000000,'2','N','2019-04-04 06:23:23','2019-04-04 06:23:23','knoone','knoone'),(13,450,1008,1008,22,'20201206','20210105',31,5,'20210105',12.00,50958,24.00,0,50958,5000000,'2','N','2019-04-04 06:23:23','2019-04-04 06:23:23','knoone','knoone'),(13,451,1008,1008,23,'20210106','20210205',31,5,'20210205',12.00,50958,24.00,0,50958,5000000,'2','N','2019-04-04 06:23:23','2019-04-04 06:23:23','knoone','knoone'),(13,452,1008,1008,24,'20210206','20210305',28,5,'20210305',12.00,46027,24.00,5000000,5046027,0,'2','Y','2019-04-04 06:23:23','2019-04-04 06:23:23','knoone','knoone'),(14,25,1003,1003,1,'20170610','20170625',16,25,'20170625',12.40,179375,27.90,0,179375,33000000,'2','N','2019-03-19 06:30:19','2019-03-19 06:30:19','lk0203','lk0203'),(14,26,1003,1003,2,'20170626','20170725',30,25,'20170725',12.40,336328,27.90,0,336328,33000000,'2','N','2019-03-19 06:30:19','2019-03-19 06:30:19','lk0203','lk0203'),(14,27,1003,1003,3,'20170726','20170825',31,25,'20170825',12.40,347539,27.90,0,347539,33000000,'2','N','2019-03-19 06:30:19','2019-03-19 06:30:19','lk0203','lk0203'),(14,28,1003,1003,4,'20170826','20170925',31,25,'20170925',12.40,347539,27.90,0,347539,33000000,'2','N','2019-03-19 06:30:19','2019-03-19 06:30:19','lk0203','lk0203'),(14,29,1003,1003,5,'20170926','20171025',30,25,'20171025',12.40,336328,27.90,0,336328,33000000,'2','N','2019-03-19 06:30:19','2019-03-19 06:30:19','lk0203','lk0203'),(14,30,1003,1003,6,'20171026','20171125',31,25,'20171125',12.40,347539,27.90,0,347539,33000000,'2','N','2019-03-19 06:30:19','2019-03-19 06:30:19','lk0203','lk0203'),(14,31,1003,1003,7,'20171126','20171225',30,25,'20171225',12.40,336328,27.90,0,336328,33000000,'2','N','2019-03-19 06:30:20','2019-03-19 06:30:20','lk0203','lk0203'),(14,32,1003,1003,8,'20171226','20180125',31,25,'20180125',12.40,347539,27.90,0,347539,33000000,'2','N','2019-03-19 06:30:20','2019-03-19 06:30:20','lk0203','lk0203'),(14,33,1003,1003,9,'20180126','20180225',31,25,'20180225',12.40,347539,27.90,0,347539,33000000,'2','N','2019-03-19 06:30:20','2019-03-19 06:30:20','lk0203','lk0203'),(14,34,1003,1003,10,'20180226','20180325',28,25,'20180325',12.40,313906,27.90,0,313906,33000000,'2','N','2019-03-19 06:30:20','2019-03-19 06:30:20','lk0203','lk0203'),(14,35,1003,1003,11,'20180326','20180425',31,25,'20180425',12.40,347539,27.90,0,347539,33000000,'2','N','2019-03-19 06:30:20','2019-03-19 06:30:20','lk0203','lk0203'),(14,36,1003,1003,12,'20180426','20180525',30,25,'20180525',12.40,336328,27.90,0,336328,33000000,'2','N','2019-03-19 06:30:20','2019-03-19 06:30:20','lk0203','lk0203'),(14,37,1003,1003,13,'20180526','20180625',31,25,'20180625',12.40,347539,27.90,0,347539,33000000,'2','N','2019-03-19 06:30:20','2019-03-19 06:30:20','lk0203','lk0203'),(14,38,1003,1003,14,'20180626','20180725',30,25,'20180725',12.40,336328,27.90,0,336328,33000000,'2','N','2019-03-19 06:30:20','2019-03-19 06:30:20','lk0203','lk0203'),(14,39,1003,1003,15,'20180726','20180825',31,25,'20180825',12.40,347539,27.90,0,347539,33000000,'2','N','2019-03-19 06:30:20','2019-03-19 06:30:20','lk0203','lk0203'),(14,40,1003,1003,16,'20180826','20180925',31,25,'20180925',12.40,347539,27.90,0,347539,33000000,'2','N','2019-03-19 06:30:20','2019-03-19 06:30:20','lk0203','lk0203'),(14,41,1003,1003,17,'20180926','20181025',30,25,'20181025',12.40,336328,27.90,0,336328,33000000,'2','N','2019-03-19 06:30:20','2019-03-19 06:30:20','lk0203','lk0203'),(14,42,1003,1003,18,'20181026','20181125',31,25,'20181125',12.40,347539,27.90,0,347539,33000000,'2','N','2019-03-19 06:30:20','2019-03-19 06:30:20','lk0203','lk0203'),(14,43,1003,1003,19,'20181126','20181225',30,25,'20181225',12.40,336328,27.90,0,336328,33000000,'2','N','2019-03-19 06:30:20','2019-03-19 06:30:20','lk0203','lk0203'),(14,44,1003,1003,20,'20181226','20190125',31,25,'20190125',12.40,347539,27.90,0,347539,33000000,'2','N','2019-03-19 06:30:20','2019-03-19 06:30:20','lk0203','lk0203'),(14,45,1003,1003,21,'20190126','20190225',31,25,'20190225',12.40,347539,27.90,0,347539,33000000,'2','N','2019-03-19 06:30:20','2019-03-19 06:30:20','lk0203','lk0203'),(14,46,1003,1003,22,'20190226','20190325',28,25,'20190325',12.40,313906,27.90,0,313906,33000000,'2','N','2019-03-19 06:30:20','2019-03-19 06:30:20','lk0203','lk0203'),(14,47,1003,1003,23,'20190326','20190425',31,25,'20190425',12.40,347539,27.90,0,347539,33000000,'2','N','2019-03-19 06:30:20','2019-03-19 06:30:20','lk0203','lk0203'),(14,48,1003,1003,24,'20190426','20190609',45,9,'20190525',12.40,504493,27.90,33000000,33504493,0,'2','Y','2019-03-19 06:30:20','2019-03-19 06:30:20','lk0203','lk0203'),(15,477,1003,1003,1,'20170610','20170625',16,25,'20170625',13.00,0,27.90,0,0,0,'2','N','2019-04-04 06:39:38','2019-04-04 06:39:38','lklk','lklk'),(15,478,1003,1003,2,'20170626','20170725',30,25,'20170725',13.00,0,27.90,0,0,0,'2','N','2019-04-04 06:39:38','2019-04-04 06:39:38','lklk','lklk'),(15,479,1003,1003,3,'20170726','20170825',31,25,'20170825',13.00,0,27.90,0,0,0,'2','N','2019-04-04 06:39:38','2019-04-04 06:39:38','lklk','lklk'),(15,480,1003,1003,4,'20170826','20170925',31,25,'20170925',13.00,0,27.90,0,0,0,'2','N','2019-04-04 06:39:38','2019-04-04 06:39:38','lklk','lklk'),(15,481,1003,1003,5,'20170926','20171025',30,25,'20171025',13.00,0,27.90,0,0,0,'2','N','2019-04-04 06:39:38','2019-04-04 06:39:38','lklk','lklk'),(15,482,1003,1003,6,'20171026','20171125',31,25,'20171125',13.00,0,27.90,0,0,0,'2','N','2019-04-04 06:39:38','2019-04-04 06:39:38','lklk','lklk'),(15,483,1003,1003,7,'20171126','20171225',30,25,'20171225',13.00,0,27.90,0,0,0,'2','N','2019-04-04 06:39:38','2019-04-04 06:39:38','lklk','lklk'),(15,484,1003,1003,8,'20171226','20180125',31,25,'20180125',13.00,0,27.90,0,0,0,'2','N','2019-04-04 06:39:38','2019-04-04 06:39:38','lklk','lklk'),(15,485,1003,1003,9,'20180126','20180225',31,25,'20180225',13.00,0,27.90,0,0,0,'2','N','2019-04-04 06:39:38','2019-04-04 06:39:38','lklk','lklk'),(15,486,1003,1003,10,'20180226','20180325',28,25,'20180325',13.00,0,27.90,0,0,0,'2','N','2019-04-04 06:39:38','2019-04-04 06:39:38','lklk','lklk'),(15,487,1003,1003,11,'20180326','20180425',31,25,'20180425',13.00,0,27.90,0,0,0,'2','N','2019-04-04 06:39:38','2019-04-04 06:39:38','lklk','lklk'),(15,488,1003,1003,12,'20180426','20180525',30,25,'20180525',13.00,0,27.90,0,0,0,'2','N','2019-04-04 06:39:39','2019-04-04 06:39:39','lklk','lklk'),(15,489,1003,1003,13,'20180526','20180625',31,25,'20180625',13.00,0,27.90,0,0,0,'2','N','2019-04-04 06:39:39','2019-04-04 06:39:39','lklk','lklk'),(15,490,1003,1003,14,'20180626','20180725',30,25,'20180725',13.00,0,27.90,0,0,0,'2','N','2019-04-04 06:39:39','2019-04-04 06:39:39','lklk','lklk'),(15,491,1003,1003,15,'20180726','20180825',31,25,'20180825',13.00,0,27.90,0,0,0,'2','N','2019-04-04 06:39:39','2019-04-04 06:39:39','lklk','lklk'),(15,492,1003,1003,16,'20180826','20180925',31,25,'20180925',13.00,0,27.90,0,0,0,'2','N','2019-04-04 06:39:39','2019-04-04 06:39:39','lklk','lklk'),(15,493,1003,1003,17,'20180926','20181025',30,25,'20181025',13.00,0,27.90,0,0,0,'2','N','2019-04-04 06:39:39','2019-04-04 06:39:39','lklk','lklk'),(15,494,1003,1003,18,'20181026','20181125',31,25,'20181125',13.00,0,27.90,0,0,0,'2','N','2019-04-04 06:39:39','2019-04-04 06:39:39','lklk','lklk'),(15,495,1003,1003,19,'20181126','20181225',30,25,'20181225',13.00,0,27.90,0,0,0,'2','N','2019-04-04 06:39:39','2019-04-04 06:39:39','lklk','lklk'),(15,496,1003,1003,20,'20181226','20190125',31,25,'20190125',13.00,0,27.90,0,0,0,'2','N','2019-04-04 06:39:39','2019-04-04 06:39:39','lklk','lklk'),(15,497,1003,1003,21,'20190126','20190225',31,25,'20190225',13.00,0,27.90,0,0,0,'2','N','2019-04-04 06:39:39','2019-04-04 06:39:39','lklk','lklk'),(15,498,1003,1003,22,'20190226','20190325',28,25,'20190325',13.00,0,27.90,0,0,0,'2','N','2019-04-04 06:39:39','2019-04-04 06:39:39','lklk','lklk'),(15,499,1003,1003,23,'20190326','20190425',31,25,'20190425',13.00,0,27.90,0,0,0,'2','N','2019-04-04 06:39:39','2019-04-04 06:39:39','lklk','lklk'),(15,500,1003,1003,24,'20190426','20190609',45,9,'20190525',13.00,0,27.90,0,0,0,'2','Y','2019-04-04 06:39:39','2019-04-04 06:39:39','lklk','lklk'),(16,25,1003,1003,1,'20170610','20170625',16,25,'20170625',12.40,179375,27.90,0,179375,33000000,'2','N','2019-03-19 06:30:19','2019-03-19 06:30:19','lk0203','lk0203'),(16,26,1003,1003,2,'20170626','20170725',30,25,'20170725',12.40,336328,27.90,0,336328,33000000,'2','N','2019-03-19 06:30:19','2019-03-19 06:30:19','lk0203','lk0203'),(16,27,1003,1003,3,'20170726','20170825',31,25,'20170825',12.40,347539,27.90,0,347539,33000000,'2','N','2019-03-19 06:30:19','2019-03-19 06:30:19','lk0203','lk0203'),(16,28,1003,1003,4,'20170826','20170925',31,25,'20170925',12.40,347539,27.90,0,347539,33000000,'2','N','2019-03-19 06:30:19','2019-03-19 06:30:19','lk0203','lk0203'),(16,29,1003,1003,5,'20170926','20171025',30,25,'20171025',12.40,336328,27.90,0,336328,33000000,'2','N','2019-03-19 06:30:19','2019-03-19 06:30:19','lk0203','lk0203'),(16,30,1003,1003,6,'20171026','20171125',31,25,'20171125',12.40,347539,27.90,0,347539,33000000,'2','N','2019-03-19 06:30:19','2019-03-19 06:30:19','lk0203','lk0203'),(16,31,1003,1003,7,'20171126','20171225',30,25,'20171225',12.40,336328,27.90,0,336328,33000000,'2','N','2019-03-19 06:30:20','2019-03-19 06:30:20','lk0203','lk0203'),(16,32,1003,1003,8,'20171226','20180125',31,25,'20180125',12.40,347539,27.90,0,347539,33000000,'2','N','2019-03-19 06:30:20','2019-03-19 06:30:20','lk0203','lk0203'),(16,33,1003,1003,9,'20180126','20180225',31,25,'20180225',12.40,347539,27.90,0,347539,33000000,'2','N','2019-03-19 06:30:20','2019-03-19 06:30:20','lk0203','lk0203'),(16,34,1003,1003,10,'20180226','20180325',28,25,'20180325',12.40,313906,27.90,0,313906,33000000,'2','N','2019-03-19 06:30:20','2019-03-19 06:30:20','lk0203','lk0203'),(16,35,1003,1003,11,'20180326','20180425',31,25,'20180425',12.40,347539,27.90,0,347539,33000000,'2','N','2019-03-19 06:30:20','2019-03-19 06:30:20','lk0203','lk0203'),(16,36,1003,1003,12,'20180426','20180525',30,25,'20180525',12.40,336328,27.90,0,336328,33000000,'2','N','2019-03-19 06:30:20','2019-03-19 06:30:20','lk0203','lk0203'),(16,37,1003,1003,13,'20180526','20180625',31,25,'20180625',12.40,347539,27.90,0,347539,33000000,'2','N','2019-03-19 06:30:20','2019-03-19 06:30:20','lk0203','lk0203'),(16,38,1003,1003,14,'20180626','20180725',30,25,'20180725',12.40,336328,27.90,0,336328,33000000,'2','N','2019-03-19 06:30:20','2019-03-19 06:30:20','lk0203','lk0203'),(16,39,1003,1003,15,'20180726','20180825',31,25,'20180825',12.40,347539,27.90,0,347539,33000000,'2','N','2019-03-19 06:30:20','2019-03-19 06:30:20','lk0203','lk0203'),(16,40,1003,1003,16,'20180826','20180925',31,25,'20180925',12.40,347539,27.90,0,347539,33000000,'2','N','2019-03-19 06:30:20','2019-03-19 06:30:20','lk0203','lk0203'),(16,41,1003,1003,17,'20180926','20181025',30,25,'20181025',12.40,336328,27.90,0,336328,33000000,'2','N','2019-03-19 06:30:20','2019-03-19 06:30:20','lk0203','lk0203'),(16,42,1003,1003,18,'20181026','20181125',31,25,'20181125',12.40,347539,27.90,0,347539,33000000,'2','N','2019-03-19 06:30:20','2019-03-19 06:30:20','lk0203','lk0203'),(16,43,1003,1003,19,'20181126','20181225',30,25,'20181225',12.40,336328,27.90,0,336328,33000000,'2','N','2019-03-19 06:30:20','2019-03-19 06:30:20','lk0203','lk0203'),(16,44,1003,1003,20,'20181226','20190125',31,25,'20190125',12.40,347539,27.90,0,347539,33000000,'2','N','2019-03-19 06:30:20','2019-03-19 06:30:20','lk0203','lk0203'),(16,45,1003,1003,21,'20190126','20190225',31,25,'20190225',12.40,347539,27.90,0,347539,33000000,'2','N','2019-03-19 06:30:20','2019-03-19 06:30:20','lk0203','lk0203'),(16,46,1003,1003,22,'20190226','20190325',28,25,'20190325',12.40,313906,27.90,0,313906,33000000,'2','N','2019-03-19 06:30:20','2019-03-19 06:30:20','lk0203','lk0203'),(16,47,1003,1003,23,'20190326','20190425',31,25,'20190425',12.40,347539,27.90,0,347539,33000000,'2','N','2019-03-19 06:30:20','2019-03-19 06:30:20','lk0203','lk0203'),(16,48,1003,1003,24,'20190426','20190609',45,9,'20190525',12.40,504493,27.90,33000000,33504493,0,'2','Y','2019-03-19 06:30:20','2019-03-19 06:30:20','lk0203','lk0203'),(17,525,1003,1003,1,'20170610','20170625',16,25,'20170625',15.50,224219,27.90,0,224219,33000000,'2','N','2019-04-04 06:42:55','2019-04-04 06:42:55','lklk','lklk'),(17,526,1003,1003,2,'20170626','20170725',30,25,'20170725',15.50,420410,27.90,0,420410,33000000,'2','N','2019-04-04 06:42:55','2019-04-04 06:42:55','lklk','lklk'),(17,527,1003,1003,3,'20170726','20170825',31,25,'20170825',15.50,434424,27.90,0,434424,33000000,'2','N','2019-04-04 06:42:55','2019-04-04 06:42:55','lklk','lklk'),(17,528,1003,1003,4,'20170826','20170925',31,25,'20170925',15.50,434424,27.90,0,434424,33000000,'2','N','2019-04-04 06:42:55','2019-04-04 06:42:55','lklk','lklk'),(17,529,1003,1003,5,'20170926','20171025',30,25,'20171025',15.50,420410,27.90,0,420410,33000000,'2','N','2019-04-04 06:42:55','2019-04-04 06:42:55','lklk','lklk'),(17,530,1003,1003,6,'20171026','20171125',31,25,'20171125',15.50,434424,27.90,0,434424,33000000,'2','N','2019-04-04 06:42:55','2019-04-04 06:42:55','lklk','lklk'),(17,531,1003,1003,7,'20171126','20171225',30,25,'20171225',15.50,420410,27.90,0,420410,33000000,'2','N','2019-04-04 06:42:55','2019-04-04 06:42:55','lklk','lklk'),(17,532,1003,1003,8,'20171226','20180125',31,25,'20180125',15.50,434424,27.90,0,434424,33000000,'2','N','2019-04-04 06:42:55','2019-04-04 06:42:55','lklk','lklk'),(17,533,1003,1003,9,'20180126','20180225',31,25,'20180225',15.50,434424,27.90,0,434424,33000000,'2','N','2019-04-04 06:42:55','2019-04-04 06:42:55','lklk','lklk'),(17,534,1003,1003,10,'20180226','20180325',28,25,'20180325',15.50,392383,27.90,0,392383,33000000,'2','N','2019-04-04 06:42:55','2019-04-04 06:42:55','lklk','lklk'),(17,535,1003,1003,11,'20180326','20180425',31,25,'20180425',15.50,434424,27.90,0,434424,33000000,'2','N','2019-04-04 06:42:55','2019-04-04 06:42:55','lklk','lklk'),(17,536,1003,1003,12,'20180426','20180525',30,25,'20180525',15.50,420410,27.90,0,420410,33000000,'2','N','2019-04-04 06:42:55','2019-04-04 06:42:55','lklk','lklk'),(17,537,1003,1003,13,'20180526','20180625',31,25,'20180625',15.50,434424,27.90,0,434424,33000000,'2','N','2019-04-04 06:42:55','2019-04-04 06:42:55','lklk','lklk'),(17,538,1003,1003,14,'20180626','20180725',30,25,'20180725',15.50,420410,27.90,0,420410,33000000,'2','N','2019-04-04 06:42:55','2019-04-04 06:42:55','lklk','lklk'),(17,539,1003,1003,15,'20180726','20180825',31,25,'20180825',15.50,434424,27.90,0,434424,33000000,'2','N','2019-04-04 06:42:55','2019-04-04 06:42:55','lklk','lklk'),(17,540,1003,1003,16,'20180826','20180925',31,25,'20180925',15.50,434424,27.90,0,434424,33000000,'2','N','2019-04-04 06:42:55','2019-04-04 06:42:55','lklk','lklk'),(17,541,1003,1003,17,'20180926','20181025',30,25,'20181025',15.50,420410,27.90,0,420410,33000000,'2','N','2019-04-04 06:42:55','2019-04-04 06:42:55','lklk','lklk'),(17,542,1003,1003,18,'20181026','20181125',31,25,'20181125',15.50,434424,27.90,0,434424,33000000,'2','N','2019-04-04 06:42:55','2019-04-04 06:42:55','lklk','lklk'),(17,543,1003,1003,19,'20181126','20181225',30,25,'20181225',15.50,420410,27.90,0,420410,33000000,'2','N','2019-04-04 06:42:55','2019-04-04 06:42:55','lklk','lklk'),(17,544,1003,1003,20,'20181226','20190125',31,25,'20190125',15.50,434424,27.90,0,434424,33000000,'2','N','2019-04-04 06:42:55','2019-04-04 06:42:55','lklk','lklk'),(17,545,1003,1003,21,'20190126','20190225',31,25,'20190225',15.50,434424,27.90,0,434424,33000000,'2','N','2019-04-04 06:42:56','2019-04-04 06:42:56','lklk','lklk'),(17,546,1003,1003,22,'20190226','20190325',28,25,'20190325',15.50,392383,27.90,0,392383,33000000,'2','N','2019-04-04 06:42:56','2019-04-04 06:42:56','lklk','lklk'),(17,547,1003,1003,23,'20190326','20190425',31,25,'20190425',15.50,434424,27.90,0,434424,33000000,'2','N','2019-04-04 06:42:56','2019-04-04 06:42:56','lklk','lklk'),(17,548,1003,1003,24,'20190426','20190609',45,9,'20190525',15.50,630616,27.90,33000000,33630616,0,'2','Y','2019-04-04 06:42:56','2019-04-04 06:42:56','lklk','lklk'),(18,361,1007,1007,1,'20170711','20170725',15,25,'20170725',14.00,339452,27.90,0,339452,59000000,'2','N','2019-04-04 03:51:25','2019-04-04 03:51:25','lklk','lklk'),(18,362,1007,1007,2,'20170726','20170825',31,25,'20170825',14.00,701534,27.90,0,701534,59000000,'2','N','2019-04-04 03:51:25','2019-04-04 03:51:25','lklk','lklk'),(18,363,1007,1007,3,'20170826','20170925',31,25,'20170925',14.00,701534,27.90,0,701534,59000000,'2','N','2019-04-04 03:51:25','2019-04-04 03:51:25','lklk','lklk'),(18,364,1007,1007,4,'20170926','20171025',30,25,'20171025',14.00,678904,27.90,0,678904,59000000,'2','N','2019-04-04 03:51:25','2019-04-04 03:51:25','lklk','lklk'),(18,365,1007,1007,5,'20171026','20171125',31,25,'20171125',14.00,701534,27.90,0,701534,59000000,'2','N','2019-04-04 03:51:25','2019-04-04 03:51:25','lklk','lklk'),(18,366,1007,1007,6,'20171126','20171225',30,25,'20171225',14.00,678904,27.90,0,678904,59000000,'2','N','2019-04-04 03:51:25','2019-04-04 03:51:25','lklk','lklk'),(18,367,1007,1007,7,'20171226','20180125',31,25,'20180125',14.00,701534,27.90,0,701534,59000000,'2','N','2019-04-04 03:51:25','2019-04-04 03:51:25','lklk','lklk'),(18,368,1007,1007,8,'20180126','20180225',31,25,'20180225',14.00,701534,27.90,0,701534,59000000,'2','N','2019-04-04 03:51:25','2019-04-04 03:51:25','lklk','lklk'),(18,369,1007,1007,9,'20180226','20180325',28,25,'20180325',14.00,633643,27.90,0,633643,59000000,'2','N','2019-04-04 03:51:25','2019-04-04 03:51:25','lklk','lklk'),(18,370,1007,1007,10,'20180326','20180425',31,25,'20180425',14.00,701534,27.90,0,701534,59000000,'2','N','2019-04-04 03:51:25','2019-04-04 03:51:25','lklk','lklk'),(18,371,1007,1007,11,'20180426','20180525',30,25,'20180525',14.00,678904,27.90,0,678904,59000000,'2','N','2019-04-04 03:51:25','2019-04-04 03:51:25','lklk','lklk'),(18,372,1007,1007,12,'20180526','20180625',31,25,'20180625',14.00,701534,27.90,0,701534,59000000,'2','N','2019-04-04 03:51:25','2019-04-04 03:51:25','lklk','lklk'),(18,373,1007,1007,13,'20180626','20180725',30,25,'20180725',14.00,678904,27.90,0,678904,59000000,'2','N','2019-04-04 03:51:25','2019-04-04 03:51:25','lklk','lklk'),(18,374,1007,1007,14,'20180726','20180825',31,25,'20180825',14.00,701534,27.90,0,701534,59000000,'2','N','2019-04-04 03:51:25','2019-04-04 03:51:25','lklk','lklk'),(18,375,1007,1007,15,'20180826','20180925',31,25,'20180925',14.00,701534,27.90,0,701534,59000000,'2','N','2019-04-04 03:51:25','2019-04-04 03:51:25','lklk','lklk'),(18,376,1007,1007,16,'20180926','20181025',30,25,'20181025',14.00,678904,27.90,0,678904,59000000,'2','N','2019-04-04 03:51:25','2019-04-04 03:51:25','lklk','lklk'),(18,377,1007,1007,17,'20181026','20181125',31,25,'20181125',14.00,701534,27.90,0,701534,59000000,'2','N','2019-04-04 03:51:26','2019-04-04 03:51:26','lklk','lklk'),(18,378,1007,1007,18,'20181126','20181225',30,25,'20181225',14.00,678904,27.90,0,678904,59000000,'2','N','2019-04-04 03:51:26','2019-04-04 03:51:26','lklk','lklk'),(18,379,1007,1007,19,'20181226','20190125',31,25,'20190125',14.00,701534,27.90,0,701534,59000000,'2','N','2019-04-04 03:51:26','2019-04-04 03:51:26','lklk','lklk'),(18,380,1007,1007,20,'20190126','20190225',31,25,'20190225',14.00,701534,27.90,0,701534,59000000,'2','N','2019-04-04 03:51:26','2019-04-04 03:51:26','lklk','lklk'),(18,381,1007,1007,21,'20190226','20190325',28,25,'20190325',14.00,633643,27.90,0,633643,59000000,'2','N','2019-04-04 03:51:26','2019-04-04 03:51:26','lklk','lklk'),(18,382,1007,1007,22,'20190326','20190425',31,25,'20190425',14.00,701534,27.90,0,701534,59000000,'2','N','2019-04-04 03:51:26','2019-04-04 03:51:26','lklk','lklk'),(18,383,1007,1007,23,'20190426','20190525',30,25,'20190525',14.00,678904,27.90,0,678904,59000000,'2','N','2019-04-04 03:51:26','2019-04-04 03:51:26','lklk','lklk'),(18,384,1007,1007,24,'20190526','20190710',46,10,'20190625',14.00,1040986,27.90,59000000,60040986,0,'2','Y','2019-04-04 03:51:26','2019-04-04 03:51:26','lklk','lklk'),(19,525,1003,1003,1,'20170610','20170625',16,25,'20170625',15.50,224219,27.90,0,224219,33000000,'2','N','2019-04-04 06:42:55','2019-04-04 06:42:55','lklk','lklk'),(19,526,1003,1003,2,'20170626','20170725',30,25,'20170725',15.50,420410,27.90,0,420410,33000000,'2','N','2019-04-04 06:42:55','2019-04-04 06:42:55','lklk','lklk'),(19,527,1003,1003,3,'20170726','20170825',31,25,'20170825',15.50,434424,27.90,0,434424,33000000,'2','N','2019-04-04 06:42:55','2019-04-04 06:42:55','lklk','lklk'),(19,528,1003,1003,4,'20170826','20170925',31,25,'20170925',15.50,434424,27.90,0,434424,33000000,'2','N','2019-04-04 06:42:55','2019-04-04 06:42:55','lklk','lklk'),(19,529,1003,1003,5,'20170926','20171025',30,25,'20171025',15.50,420410,27.90,0,420410,33000000,'2','N','2019-04-04 06:42:55','2019-04-04 06:42:55','lklk','lklk'),(19,530,1003,1003,6,'20171026','20171125',31,25,'20171125',15.50,434424,27.90,0,434424,33000000,'2','N','2019-04-04 06:42:55','2019-04-04 06:42:55','lklk','lklk'),(19,531,1003,1003,7,'20171126','20171225',30,25,'20171225',15.50,420410,27.90,0,420410,33000000,'2','N','2019-04-04 06:42:55','2019-04-04 06:42:55','lklk','lklk'),(19,532,1003,1003,8,'20171226','20180125',31,25,'20180125',15.50,434424,27.90,0,434424,33000000,'2','N','2019-04-04 06:42:55','2019-04-04 06:42:55','lklk','lklk'),(19,533,1003,1003,9,'20180126','20180225',31,25,'20180225',15.50,434424,27.90,0,434424,33000000,'2','N','2019-04-04 06:42:55','2019-04-04 06:42:55','lklk','lklk'),(19,534,1003,1003,10,'20180226','20180325',28,25,'20180325',15.50,392383,27.90,0,392383,33000000,'2','N','2019-04-04 06:42:55','2019-04-04 06:42:55','lklk','lklk'),(19,535,1003,1003,11,'20180326','20180425',31,25,'20180425',15.50,434424,27.90,0,434424,33000000,'2','N','2019-04-04 06:42:55','2019-04-04 06:42:55','lklk','lklk'),(19,536,1003,1003,12,'20180426','20180525',30,25,'20180525',15.50,420410,27.90,0,420410,33000000,'2','N','2019-04-04 06:42:55','2019-04-04 06:42:55','lklk','lklk'),(19,537,1003,1003,13,'20180526','20180625',31,25,'20180625',15.50,434424,27.90,0,434424,33000000,'2','N','2019-04-04 06:42:55','2019-04-04 06:42:55','lklk','lklk'),(19,538,1003,1003,14,'20180626','20180725',30,25,'20180725',15.50,420410,27.90,0,420410,33000000,'2','N','2019-04-04 06:42:55','2019-04-04 06:42:55','lklk','lklk'),(19,539,1003,1003,15,'20180726','20180825',31,25,'20180825',15.50,434424,27.90,0,434424,33000000,'2','N','2019-04-04 06:42:55','2019-04-04 06:42:55','lklk','lklk'),(19,540,1003,1003,16,'20180826','20180925',31,25,'20180925',15.50,434424,27.90,0,434424,33000000,'2','N','2019-04-04 06:42:55','2019-04-04 06:42:55','lklk','lklk'),(19,541,1003,1003,17,'20180926','20181025',30,25,'20181025',15.50,420410,27.90,0,420410,33000000,'2','N','2019-04-04 06:42:55','2019-04-04 06:42:55','lklk','lklk'),(19,542,1003,1003,18,'20181026','20181125',31,25,'20181125',15.50,434424,27.90,0,434424,33000000,'2','N','2019-04-04 06:42:55','2019-04-04 06:42:55','lklk','lklk'),(19,543,1003,1003,19,'20181126','20181225',30,25,'20181225',15.50,420410,27.90,0,420410,33000000,'2','N','2019-04-04 06:42:55','2019-04-04 06:42:55','lklk','lklk'),(19,544,1003,1003,20,'20181226','20190125',31,25,'20190125',15.50,434424,27.90,0,434424,33000000,'2','N','2019-04-04 06:42:55','2019-04-04 06:42:55','lklk','lklk'),(19,545,1003,1003,21,'20190126','20190225',31,25,'20190225',15.50,434424,27.90,0,434424,33000000,'2','N','2019-04-04 06:42:56','2019-04-04 06:42:56','lklk','lklk'),(19,546,1003,1003,22,'20190226','20190325',28,25,'20190325',15.50,392383,27.90,0,392383,33000000,'2','N','2019-04-04 06:42:56','2019-04-04 06:42:56','lklk','lklk'),(19,547,1003,1003,23,'20190326','20190425',31,25,'20190425',15.50,434424,27.90,0,434424,33000000,'2','N','2019-04-04 06:42:56','2019-04-04 06:42:56','lklk','lklk'),(19,548,1003,1003,24,'20190426','20190609',45,9,'20190525',15.50,630616,27.90,33000000,33630616,0,'2','Y','2019-04-04 06:42:56','2019-04-04 06:42:56','lklk','lklk'),(20,361,1007,1007,1,'20170711','20170725',15,25,'20170725',14.00,339452,27.90,0,339452,59000000,'2','N','2019-04-04 03:51:25','2019-04-04 03:51:25','lklk','lklk'),(20,362,1007,1007,2,'20170726','20170825',31,25,'20170825',14.00,701534,27.90,0,701534,59000000,'2','N','2019-04-04 03:51:25','2019-04-04 03:51:25','lklk','lklk'),(20,363,1007,1007,3,'20170826','20170925',31,25,'20170925',14.00,701534,27.90,0,701534,59000000,'2','N','2019-04-04 03:51:25','2019-04-04 03:51:25','lklk','lklk'),(20,364,1007,1007,4,'20170926','20171025',30,25,'20171025',14.00,678904,27.90,0,678904,59000000,'2','N','2019-04-04 03:51:25','2019-04-04 03:51:25','lklk','lklk'),(20,365,1007,1007,5,'20171026','20171129',34,29,'20171125',14.00,701534,27.90,0,701534,59000000,'4','N','2019-04-04 03:51:25','2019-04-04 07:47:52','lklk','lklk'),(20,549,1007,1007,7,'20171130','20171225',26,25,'20171225',14.00,588383,27.90,0,588383,59000000,'2','N','2019-04-04 07:47:52','2019-04-04 07:47:52','lklk','lklk'),(20,550,1007,1007,8,'20171226','20180125',31,25,'20180125',14.00,701534,27.90,0,701534,59000000,'2','N','2019-04-04 07:47:52','2019-04-04 07:47:52','lklk','lklk'),(20,551,1007,1007,9,'20180126','20180225',31,25,'20180225',14.00,701534,27.90,0,701534,59000000,'2','N','2019-04-04 07:47:52','2019-04-04 07:47:52','lklk','lklk'),(20,552,1007,1007,10,'20180226','20180325',28,25,'20180325',14.00,633643,27.90,0,633643,59000000,'2','N','2019-04-04 07:47:52','2019-04-04 07:47:52','lklk','lklk'),(20,553,1007,1007,11,'20180326','20180425',31,25,'20180425',14.00,701534,27.90,0,701534,59000000,'2','N','2019-04-04 07:47:52','2019-04-04 07:47:52','lklk','lklk'),(20,554,1007,1007,12,'20180426','20180525',30,25,'20180525',14.00,678904,27.90,0,678904,59000000,'2','N','2019-04-04 07:47:52','2019-04-04 07:47:52','lklk','lklk'),(20,555,1007,1007,13,'20180526','20180625',31,25,'20180625',14.00,701534,27.90,0,701534,59000000,'2','N','2019-04-04 07:47:52','2019-04-04 07:47:52','lklk','lklk'),(20,556,1007,1007,14,'20180626','20180725',30,25,'20180725',14.00,678904,27.90,0,678904,59000000,'2','N','2019-04-04 07:47:52','2019-04-04 07:47:52','lklk','lklk'),(20,557,1007,1007,15,'20180726','20180825',31,25,'20180825',14.00,701534,27.90,0,701534,59000000,'2','N','2019-04-04 07:47:52','2019-04-04 07:47:52','lklk','lklk'),(20,558,1007,1007,16,'20180826','20180925',31,25,'20180925',14.00,701534,27.90,0,701534,59000000,'2','N','2019-04-04 07:47:52','2019-04-04 07:47:52','lklk','lklk'),(20,559,1007,1007,17,'20180926','20181025',30,25,'20181025',14.00,678904,27.90,0,678904,59000000,'2','N','2019-04-04 07:47:52','2019-04-04 07:47:52','lklk','lklk'),(20,560,1007,1007,18,'20181026','20181125',31,25,'20181125',14.00,701534,27.90,0,701534,59000000,'2','N','2019-04-04 07:47:52','2019-04-04 07:47:52','lklk','lklk'),(20,561,1007,1007,19,'20181126','20181225',30,25,'20181225',14.00,678904,27.90,0,678904,59000000,'2','N','2019-04-04 07:47:52','2019-04-04 07:47:52','lklk','lklk'),(20,562,1007,1007,20,'20181226','20190125',31,25,'20190125',14.00,701534,27.90,0,701534,59000000,'2','N','2019-04-04 07:47:52','2019-04-04 07:47:52','lklk','lklk'),(20,563,1007,1007,21,'20190126','20190225',31,25,'20190225',14.00,701534,27.90,0,701534,59000000,'2','N','2019-04-04 07:47:52','2019-04-04 07:47:52','lklk','lklk'),(20,564,1007,1007,22,'20190226','20190325',28,25,'20190325',14.00,633643,27.90,0,633643,59000000,'2','N','2019-04-04 07:47:52','2019-04-04 07:47:52','lklk','lklk'),(20,565,1007,1007,23,'20190326','20190425',31,25,'20190425',14.00,701534,27.90,0,701534,59000000,'2','N','2019-04-04 07:47:52','2019-04-04 07:47:52','lklk','lklk'),(20,566,1007,1007,24,'20190426','20190525',30,25,'20190525',14.00,678904,27.90,0,678904,59000000,'2','N','2019-04-04 07:47:52','2019-04-04 07:47:52','lklk','lklk'),(20,567,1007,1007,25,'20190526','20190625',31,25,'20190625',14.00,701534,27.90,0,701534,59000000,'2','N','2019-04-04 07:47:52','2019-04-04 07:47:52','lklk','lklk'),(20,568,1007,1007,26,'20190626','20190710',15,10,'20190710',14.00,339452,27.90,59000000,59339452,0,'2','Y','2019-04-04 07:47:52','2019-04-04 07:47:52','lklk','lklk'),(21,361,1007,1007,1,'20170711','20170725',15,25,'20170725',14.00,339452,27.90,0,339452,59000000,'2','N','2019-04-04 03:51:25','2019-04-04 03:51:25','lklk','lklk'),(21,362,1007,1007,2,'20170726','20170825',31,25,'20170825',14.00,701534,27.90,0,701534,59000000,'2','N','2019-04-04 03:51:25','2019-04-04 03:51:25','lklk','lklk'),(21,363,1007,1007,3,'20170826','20170925',31,25,'20170925',14.00,701534,27.90,0,701534,59000000,'2','N','2019-04-04 03:51:25','2019-04-04 03:51:25','lklk','lklk'),(21,364,1007,1007,4,'20170926','20171025',30,25,'20171025',14.00,678904,27.90,0,678904,59000000,'2','N','2019-04-04 03:51:25','2019-04-04 03:51:25','lklk','lklk'),(21,365,1007,1007,5,'20171026','20171129',34,29,'20171125',14.00,701534,27.90,0,701534,59000000,'4','N','2019-04-04 03:51:25','2019-04-04 07:47:52','lklk','lklk'),(21,549,1007,1007,7,'20171130','20171225',26,25,'20171225',14.00,588383,27.90,0,588383,59000000,'2','N','2019-04-04 07:47:52','2019-04-04 07:47:52','lklk','lklk'),(21,550,1007,1007,8,'20171226','20180125',31,25,'20180125',14.00,701534,27.90,0,701534,59000000,'2','N','2019-04-04 07:47:52','2019-04-04 07:47:52','lklk','lklk'),(21,551,1007,1007,9,'20180126','20180225',31,25,'20180225',14.00,701534,27.90,0,701534,59000000,'2','N','2019-04-04 07:47:52','2019-04-04 07:47:52','lklk','lklk'),(21,552,1007,1007,10,'20180226','20180325',28,25,'20180325',14.00,633643,27.90,0,633643,59000000,'2','N','2019-04-04 07:47:52','2019-04-04 07:47:52','lklk','lklk'),(21,553,1007,1007,11,'20180326','20180425',31,25,'20180425',14.00,701534,27.90,0,701534,59000000,'2','N','2019-04-04 07:47:52','2019-04-04 07:47:52','lklk','lklk'),(21,554,1007,1007,12,'20180426','20180525',30,25,'20180525',14.00,678904,27.90,0,678904,59000000,'2','N','2019-04-04 07:47:52','2019-04-04 07:47:52','lklk','lklk'),(21,555,1007,1007,13,'20180526','20180625',31,25,'20180625',14.00,701534,27.90,0,701534,59000000,'2','N','2019-04-04 07:47:52','2019-04-04 07:47:52','lklk','lklk'),(21,556,1007,1007,14,'20180626','20180725',30,25,'20180725',14.00,678904,27.90,0,678904,59000000,'2','N','2019-04-04 07:47:52','2019-04-04 07:47:52','lklk','lklk'),(21,557,1007,1007,15,'20180726','20180825',31,25,'20180825',14.00,701534,27.90,0,701534,59000000,'2','N','2019-04-04 07:47:52','2019-04-04 07:47:52','lklk','lklk'),(21,558,1007,1007,16,'20180826','20180925',31,25,'20180925',14.00,701534,27.90,0,701534,59000000,'2','N','2019-04-04 07:47:52','2019-04-04 07:47:52','lklk','lklk'),(21,559,1007,1007,17,'20180926','20181025',30,25,'20181025',14.00,678904,27.90,0,678904,59000000,'2','N','2019-04-04 07:47:52','2019-04-04 07:47:52','lklk','lklk'),(21,560,1007,1007,18,'20181026','20181125',31,25,'20181125',14.00,701534,27.90,0,701534,59000000,'2','N','2019-04-04 07:47:52','2019-04-04 07:47:52','lklk','lklk'),(21,561,1007,1007,19,'20181126','20181225',30,25,'20181225',14.00,678904,27.90,0,678904,59000000,'2','N','2019-04-04 07:47:52','2019-04-04 07:47:52','lklk','lklk'),(21,562,1007,1007,20,'20181226','20190125',31,25,'20190125',14.00,701534,27.90,0,701534,59000000,'2','N','2019-04-04 07:47:52','2019-04-04 07:47:52','lklk','lklk'),(21,563,1007,1007,21,'20190126','20190225',31,25,'20190225',14.00,701534,27.90,0,701534,59000000,'2','N','2019-04-04 07:47:52','2019-04-04 07:47:52','lklk','lklk'),(21,564,1007,1007,22,'20190226','20190325',28,25,'20190325',14.00,633643,27.90,0,633643,59000000,'2','N','2019-04-04 07:47:52','2019-04-04 07:47:52','lklk','lklk'),(21,565,1007,1007,23,'20190326','20190425',31,25,'20190425',14.00,701534,27.90,0,701534,59000000,'2','N','2019-04-04 07:47:52','2019-04-04 07:47:52','lklk','lklk'),(21,566,1007,1007,24,'20190426','20190525',30,25,'20190525',14.00,678904,27.90,0,678904,59000000,'2','N','2019-04-04 07:47:52','2019-04-04 07:47:52','lklk','lklk'),(21,567,1007,1007,25,'20190526','20190625',31,25,'20190625',14.00,701534,27.90,0,701534,59000000,'2','N','2019-04-04 07:47:52','2019-04-04 07:47:52','lklk','lklk'),(21,568,1007,1007,26,'20190626','20190710',15,10,'20190710',14.00,339452,27.90,59000000,59339452,0,'2','Y','2019-04-04 07:47:52','2019-04-04 07:47:52','lklk','lklk'),(23,569,1009,1009,1,'20170727','20170825',30,25,'20170825',18.00,887671,27.90,0,887671,60000000,'2','N','2019-04-11 06:29:51','2019-04-11 06:29:51','lklk','lklk'),(23,570,1009,1009,2,'20170826','20170925',31,25,'20170925',18.00,917260,27.90,0,917260,60000000,'2','N','2019-04-11 06:29:51','2019-04-11 06:29:51','lklk','lklk'),(23,571,1009,1009,3,'20170926','20171025',30,25,'20171025',18.00,887671,27.90,0,887671,60000000,'2','N','2019-04-11 06:29:51','2019-04-11 06:29:51','lklk','lklk'),(23,572,1009,1009,4,'20171026','20171125',31,25,'20171125',18.00,917260,27.90,0,917260,60000000,'2','N','2019-04-11 06:29:51','2019-04-11 06:29:51','lklk','lklk'),(23,573,1009,1009,5,'20171126','20171225',30,25,'20171225',18.00,887671,27.90,0,887671,60000000,'2','N','2019-04-11 06:29:51','2019-04-11 06:29:51','lklk','lklk'),(23,574,1009,1009,6,'20171226','20180125',31,25,'20180125',18.00,917260,27.90,0,917260,60000000,'2','N','2019-04-11 06:29:51','2019-04-11 06:29:51','lklk','lklk'),(23,575,1009,1009,7,'20180126','20180225',31,25,'20180225',18.00,917260,27.90,0,917260,60000000,'2','N','2019-04-11 06:29:51','2019-04-11 06:29:51','lklk','lklk'),(23,576,1009,1009,8,'20180226','20180325',28,25,'20180325',18.00,828493,27.90,0,828493,60000000,'2','N','2019-04-11 06:29:51','2019-04-11 06:29:51','lklk','lklk'),(23,577,1009,1009,9,'20180326','20180425',31,25,'20180425',18.00,917260,27.90,0,917260,60000000,'2','N','2019-04-11 06:29:51','2019-04-11 06:29:51','lklk','lklk'),(23,578,1009,1009,10,'20180426','20180525',30,25,'20180525',18.00,887671,27.90,0,887671,60000000,'2','N','2019-04-11 06:29:51','2019-04-11 06:29:51','lklk','lklk'),(23,579,1009,1009,11,'20180526','20180625',31,25,'20180625',18.00,917260,27.90,0,917260,60000000,'2','N','2019-04-11 06:29:51','2019-04-11 06:29:51','lklk','lklk'),(23,580,1009,1009,12,'20180626','20180726',31,26,'20180725',18.00,917260,27.90,60000000,60917260,0,'2','Y','2019-04-11 06:29:51','2019-04-11 06:29:51','lklk','lklk'),(24,569,1009,1009,1,'20170727','20170825',30,25,'20170825',18.00,887671,27.90,0,887671,60000000,'2','N','2019-04-11 06:29:51','2019-04-11 06:29:51','lklk','lklk'),(24,570,1009,1009,2,'20170826','20170925',31,25,'20170925',18.00,917260,27.90,0,917260,60000000,'2','N','2019-04-11 06:29:51','2019-04-11 06:29:51','lklk','lklk'),(24,571,1009,1009,3,'20170926','20171025',30,25,'20171025',18.00,887671,27.90,0,887671,60000000,'2','N','2019-04-11 06:29:51','2019-04-11 06:29:51','lklk','lklk'),(24,572,1009,1009,4,'20171026','20171125',31,25,'20171125',18.00,917260,27.90,0,917260,60000000,'2','N','2019-04-11 06:29:51','2019-04-11 06:29:51','lklk','lklk'),(24,573,1009,1009,5,'20171126','20171225',30,25,'20171225',18.00,887671,27.90,0,887671,60000000,'2','N','2019-04-11 06:29:51','2019-04-11 06:29:51','lklk','lklk'),(24,574,1009,1009,6,'20171226','20180125',31,25,'20180125',18.00,917260,27.90,0,917260,60000000,'2','N','2019-04-11 06:29:51','2019-04-11 06:29:51','lklk','lklk'),(24,575,1009,1009,7,'20180126','20180225',31,25,'20180225',18.00,917260,27.90,0,917260,60000000,'2','N','2019-04-11 06:29:51','2019-04-11 06:29:51','lklk','lklk'),(24,576,1009,1009,8,'20180226','20180325',28,25,'20180325',18.00,828493,27.90,0,828493,60000000,'2','N','2019-04-11 06:29:51','2019-04-11 06:29:51','lklk','lklk'),(24,577,1009,1009,9,'20180326','20180425',31,25,'20180425',18.00,917260,27.90,0,917260,60000000,'2','N','2019-04-11 06:29:51','2019-04-11 06:29:51','lklk','lklk'),(24,578,1009,1009,10,'20180426','20180525',30,25,'20180525',18.00,887671,27.90,0,887671,60000000,'2','N','2019-04-11 06:29:51','2019-04-11 06:29:51','lklk','lklk'),(24,579,1009,1009,11,'20180526','20180625',31,25,'20180625',18.00,917260,27.90,0,917260,60000000,'2','N','2019-04-11 06:29:51','2019-04-11 06:29:51','lklk','lklk'),(24,580,1009,1009,12,'20180626','20180726',31,26,'20180725',18.00,917260,27.90,60000000,60917260,0,'2','Y','2019-04-11 06:29:51','2019-04-11 06:29:51','lklk','lklk'),(25,569,1009,1009,1,'20170727','20170825',30,25,'20170825',18.00,887671,27.90,0,887671,60000000,'2','N','2019-04-11 06:29:51','2019-04-11 06:29:51','lklk','lklk'),(25,570,1009,1009,2,'20170826','20170926',31,26,'20170925',18.00,917260,27.90,0,917260,60000000,'4','N','2019-04-11 06:29:51','2019-04-11 06:54:34','lklk','lklk'),(25,581,1009,1009,4,'20170927','20171025',29,25,'20171025',18.00,858082,27.90,0,858082,60000000,'2','N','2019-04-11 06:54:34','2019-04-11 06:54:34','lklk','lklk'),(25,582,1009,1009,5,'20171026','20171125',31,25,'20171125',18.00,917260,27.90,0,917260,60000000,'2','N','2019-04-11 06:54:34','2019-04-11 06:54:34','lklk','lklk'),(25,583,1009,1009,6,'20171126','20171225',30,25,'20171225',18.00,887671,27.90,0,887671,60000000,'2','N','2019-04-11 06:54:34','2019-04-11 06:54:34','lklk','lklk'),(25,584,1009,1009,7,'20171226','20180125',31,25,'20180125',18.00,917260,27.90,0,917260,60000000,'2','N','2019-04-11 06:54:34','2019-04-11 06:54:34','lklk','lklk'),(25,585,1009,1009,8,'20180126','20180225',31,25,'20180225',18.00,917260,27.90,0,917260,60000000,'2','N','2019-04-11 06:54:34','2019-04-11 06:54:34','lklk','lklk'),(25,586,1009,1009,9,'20180226','20180325',28,25,'20180325',18.00,828493,27.90,0,828493,60000000,'2','N','2019-04-11 06:54:34','2019-04-11 06:54:34','lklk','lklk'),(25,587,1009,1009,10,'20180326','20180425',31,25,'20180425',18.00,917260,27.90,0,917260,60000000,'2','N','2019-04-11 06:54:34','2019-04-11 06:54:34','lklk','lklk'),(25,588,1009,1009,11,'20180426','20180525',30,25,'20180525',18.00,887671,27.90,0,887671,60000000,'2','N','2019-04-11 06:54:34','2019-04-11 06:54:34','lklk','lklk'),(25,589,1009,1009,12,'20180526','20180625',31,25,'20180625',18.00,917260,27.90,0,917260,60000000,'2','N','2019-04-11 06:54:34','2019-04-11 06:54:34','lklk','lklk'),(25,590,1009,1009,13,'20180626','20180726',31,26,'20180726',18.00,917260,27.90,60000000,60917260,0,'2','Y','2019-04-11 06:54:34','2019-04-11 06:54:34','lklk','lklk'),(26,569,1009,1009,1,'20170727','20170825',30,25,'20170825',18.00,887671,27.90,0,887671,60000000,'2','N','2019-04-11 06:29:51','2019-04-11 06:29:51','lklk','lklk'),(26,570,1009,1009,2,'20170826','20170926',31,26,'20170925',18.00,917260,27.90,0,917260,60000000,'4','N','2019-04-11 06:29:51','2019-04-11 06:54:34','lklk','lklk'),(26,581,1009,1009,4,'20170927','20171025',29,25,'20171025',18.00,858082,27.90,0,858082,60000000,'2','N','2019-04-11 06:54:34','2019-04-11 06:54:34','lklk','lklk'),(26,582,1009,1009,5,'20171026','20171125',31,25,'20171125',18.00,917260,27.90,0,917260,60000000,'2','N','2019-04-11 06:54:34','2019-04-11 06:54:34','lklk','lklk'),(26,583,1009,1009,6,'20171126','20171225',30,25,'20171225',18.00,887671,27.90,0,887671,60000000,'2','N','2019-04-11 06:54:34','2019-04-11 06:54:34','lklk','lklk'),(26,584,1009,1009,7,'20171226','20180125',31,25,'20180125',18.00,917260,27.90,0,917260,60000000,'2','N','2019-04-11 06:54:34','2019-04-11 06:54:34','lklk','lklk'),(26,585,1009,1009,8,'20180126','20180225',31,25,'20180225',18.00,917260,27.90,0,917260,60000000,'2','N','2019-04-11 06:54:34','2019-04-11 06:54:34','lklk','lklk'),(26,586,1009,1009,9,'20180226','20180325',28,25,'20180325',18.00,828493,27.90,0,828493,60000000,'2','N','2019-04-11 06:54:34','2019-04-11 06:54:34','lklk','lklk'),(26,587,1009,1009,10,'20180326','20180425',31,25,'20180425',18.00,917260,27.90,0,917260,60000000,'2','N','2019-04-11 06:54:34','2019-04-11 06:54:34','lklk','lklk'),(26,588,1009,1009,11,'20180426','20180525',30,25,'20180525',18.00,887671,27.90,0,887671,60000000,'2','N','2019-04-11 06:54:34','2019-04-11 06:54:34','lklk','lklk'),(26,589,1009,1009,12,'20180526','20180625',31,25,'20180625',18.00,917260,27.90,0,917260,60000000,'2','N','2019-04-11 06:54:34','2019-04-11 06:54:34','lklk','lklk'),(26,590,1009,1009,13,'20180626','20180726',31,26,'20180726',18.00,917260,27.90,60000000,60917260,0,'2','Y','2019-04-11 06:54:34','2019-04-11 06:54:34','lklk','lklk'),(27,569,1009,1009,1,'20170727','20170825',30,25,'20170825',18.00,887671,27.90,0,887671,60000000,'2','N','2019-04-11 06:29:51','2019-04-11 06:29:51','lklk','lklk'),(27,570,1009,1009,2,'20170826','20170926',31,26,'20170925',18.00,917260,27.90,0,917260,60000000,'4','N','2019-04-11 06:29:51','2019-04-11 06:54:34','lklk','lklk'),(27,581,1009,1009,4,'20170927','20171025',29,25,'20171025',18.00,858082,27.90,0,858082,60000000,'2','N','2019-04-11 06:54:34','2019-04-11 06:54:34','lklk','lklk'),(27,582,1009,1009,5,'20171026','20171125',31,25,'20171125',18.00,917260,27.90,0,917260,60000000,'2','N','2019-04-11 06:54:34','2019-04-11 06:54:34','lklk','lklk'),(27,583,1009,1009,6,'20171126','20171225',30,25,'20171225',18.00,887671,27.90,0,887671,60000000,'2','N','2019-04-11 06:54:34','2019-04-11 06:54:34','lklk','lklk'),(27,584,1009,1009,7,'20171226','20180125',31,25,'20180125',18.00,917260,27.90,0,917260,60000000,'2','N','2019-04-11 06:54:34','2019-04-11 06:54:34','lklk','lklk'),(27,585,1009,1009,8,'20180126','20180225',31,25,'20180225',18.00,917260,27.90,0,917260,60000000,'2','N','2019-04-11 06:54:34','2019-04-11 06:54:34','lklk','lklk'),(27,586,1009,1009,9,'20180226','20180325',28,25,'20180325',18.00,828493,27.90,0,828493,60000000,'2','N','2019-04-11 06:54:34','2019-04-11 06:54:34','lklk','lklk'),(27,587,1009,1009,10,'20180326','20180425',31,25,'20180425',18.00,917260,27.90,0,917260,60000000,'2','N','2019-04-11 06:54:34','2019-04-11 06:54:34','lklk','lklk'),(27,588,1009,1009,11,'20180426','20180525',30,25,'20180525',18.00,887671,27.90,0,887671,60000000,'2','N','2019-04-11 06:54:34','2019-04-11 06:54:34','lklk','lklk'),(27,589,1009,1009,12,'20180526','20180625',31,25,'20180625',18.00,917260,27.90,0,917260,60000000,'2','N','2019-04-11 06:54:34','2019-04-11 06:54:34','lklk','lklk'),(27,590,1009,1009,13,'20180626','20180726',31,26,'20180726',18.00,917260,27.90,60000000,60917260,0,'2','Y','2019-04-11 06:54:34','2019-04-11 06:54:34','lklk','lklk'),(28,569,1009,1009,1,'20170727','20170825',30,25,'20170825',18.00,887671,27.90,0,887671,60000000,'2','N','2019-04-11 06:29:51','2019-04-11 06:29:51','lklk','lklk'),(28,570,1009,1009,2,'20170826','20170926',31,26,'20170925',18.00,917260,27.90,0,917260,60000000,'4','N','2019-04-11 06:29:51','2019-04-11 06:54:34','lklk','lklk'),(28,581,1009,1009,4,'20170927','20171025',29,25,'20171025',18.00,858082,27.90,0,858082,60000000,'2','N','2019-04-11 06:54:34','2019-04-11 06:54:34','lklk','lklk'),(28,582,1009,1009,5,'20171026','20171125',31,25,'20171125',18.00,917260,27.90,0,917260,60000000,'2','N','2019-04-11 06:54:34','2019-04-11 06:54:34','lklk','lklk'),(28,583,1009,1009,6,'20171126','20171228',32,28,'20171225',18.00,887671,27.90,0,887671,60000000,'4','N','2019-04-11 06:54:34','2019-04-11 07:48:55','lklk','lklk'),(28,591,1009,1009,8,'20171229','20180125',28,25,'20180125',18.00,828493,27.90,0,828493,60000000,'2','N','2019-04-11 07:48:56','2019-04-11 07:48:56','lklk','lklk'),(28,592,1009,1009,9,'20180126','20180225',31,25,'20180225',18.00,917260,27.90,0,917260,60000000,'2','N','2019-04-11 07:48:56','2019-04-11 07:48:56','lklk','lklk'),(28,593,1009,1009,10,'20180226','20180325',28,25,'20180325',18.00,828493,27.90,0,828493,60000000,'2','N','2019-04-11 07:48:56','2019-04-11 07:48:56','lklk','lklk'),(28,594,1009,1009,11,'20180326','20180425',31,25,'20180425',18.00,917260,27.90,0,917260,60000000,'2','N','2019-04-11 07:48:56','2019-04-11 07:48:56','lklk','lklk'),(28,595,1009,1009,12,'20180426','20180525',30,25,'20180525',18.00,887671,27.90,0,887671,60000000,'2','N','2019-04-11 07:48:56','2019-04-11 07:48:56','lklk','lklk'),(28,596,1009,1009,13,'20180526','20180625',31,25,'20180625',18.00,917260,27.90,0,917260,60000000,'2','N','2019-04-11 07:48:56','2019-04-11 07:48:56','lklk','lklk'),(28,597,1009,1009,14,'20180626','20180726',31,26,'20180726',18.00,917260,27.90,60000000,60917260,0,'2','Y','2019-04-11 07:48:56','2019-04-11 07:48:56','lklk','lklk'),(29,569,1009,1009,1,'20170727','20170825',30,25,'20170825',18.00,887671,27.90,0,887671,60000000,'2','N','2019-04-11 06:29:51','2019-04-11 06:29:51','lklk','lklk'),(29,570,1009,1009,2,'20170826','20170926',31,26,'20170925',18.00,917260,27.90,0,917260,60000000,'4','N','2019-04-11 06:29:51','2019-04-11 06:54:34','lklk','lklk'),(29,581,1009,1009,4,'20170927','20171025',29,25,'20171025',18.00,858082,27.90,0,858082,60000000,'2','N','2019-04-11 06:54:34','2019-04-11 06:54:34','lklk','lklk'),(29,582,1009,1009,5,'20171026','20171125',31,25,'20171125',18.00,917260,27.90,0,917260,60000000,'2','N','2019-04-11 06:54:34','2019-04-11 06:54:34','lklk','lklk'),(29,583,1009,1009,6,'20171126','20171228',32,28,'20171225',18.00,887671,27.90,0,887671,60000000,'4','N','2019-04-11 06:54:34','2019-04-11 07:48:55','lklk','lklk'),(29,591,1009,1009,8,'20171229','20180131',33,31,'20180125',18.00,828493,27.90,0,828493,60000000,'4','N','2019-04-11 07:48:56','2019-04-11 08:00:53','lklk','lklk'),(29,598,1009,1009,10,'20180201','20180225',25,25,'20180225',18.00,739726,27.90,0,739726,60000000,'2','N','2019-04-11 08:00:53','2019-04-11 08:00:53','lklk','lklk'),(29,599,1009,1009,11,'20180226','20180325',28,25,'20180325',18.00,828493,27.90,0,828493,60000000,'2','N','2019-04-11 08:00:53','2019-04-11 08:00:53','lklk','lklk'),(29,600,1009,1009,12,'20180326','20180425',31,25,'20180425',18.00,917260,27.90,0,917260,60000000,'2','N','2019-04-11 08:00:53','2019-04-11 08:00:53','lklk','lklk'),(29,601,1009,1009,13,'20180426','20180525',30,25,'20180525',18.00,887671,27.90,0,887671,60000000,'2','N','2019-04-11 08:00:53','2019-04-11 08:00:53','lklk','lklk'),(29,602,1009,1009,14,'20180526','20180625',31,25,'20180625',18.00,917260,27.90,0,917260,60000000,'2','N','2019-04-11 08:00:53','2019-04-11 08:00:53','lklk','lklk'),(29,603,1009,1009,15,'20180626','20180726',31,26,'20180726',18.00,917260,27.90,60000000,60917260,0,'2','Y','2019-04-11 08:00:53','2019-04-11 08:00:53','lklk','lklk'),(30,569,1009,1009,1,'20170727','20170825',30,25,'20170825',18.00,887671,27.90,0,887671,60000000,'2','N','2019-04-11 06:29:51','2019-04-11 06:29:51','lklk','lklk'),(30,570,1009,1009,2,'20170826','20170926',31,26,'20170925',18.00,917260,27.90,0,917260,60000000,'4','N','2019-04-11 06:29:51','2019-04-11 06:54:34','lklk','lklk'),(30,581,1009,1009,4,'20170927','20171025',29,25,'20171025',18.00,858082,27.90,0,858082,60000000,'2','N','2019-04-11 06:54:34','2019-04-11 06:54:34','lklk','lklk'),(30,582,1009,1009,5,'20171026','20171125',31,25,'20171125',18.00,917260,27.90,0,917260,60000000,'2','N','2019-04-11 06:54:34','2019-04-11 06:54:34','lklk','lklk'),(30,583,1009,1009,6,'20171126','20171228',32,28,'20171225',18.00,887671,27.90,0,887671,60000000,'4','N','2019-04-11 06:54:34','2019-04-11 07:48:55','lklk','lklk'),(30,591,1009,1009,8,'20171229','20180131',33,31,'20180125',18.00,828493,27.90,0,828493,60000000,'4','N','2019-04-11 07:48:56','2019-04-11 08:00:53','lklk','lklk'),(30,598,1009,1009,10,'20180201','20180225',25,25,'20180225',18.00,739726,27.90,0,739726,60000000,'2','N','2019-04-11 08:00:53','2019-04-11 08:00:53','lklk','lklk'),(30,599,1009,1009,11,'20180226','20180325',28,25,'20180325',18.00,828493,27.90,0,828493,60000000,'2','N','2019-04-11 08:00:53','2019-04-11 08:00:53','lklk','lklk'),(30,600,1009,1009,12,'20180326','20180425',31,25,'20180425',18.00,917260,27.90,0,917260,60000000,'2','N','2019-04-11 08:00:53','2019-04-11 08:00:53','lklk','lklk'),(30,601,1009,1009,13,'20180426','20180525',30,25,'20180525',18.00,887671,27.90,0,887671,60000000,'2','N','2019-04-11 08:00:53','2019-04-11 08:00:53','lklk','lklk'),(30,602,1009,1009,14,'20180526','20180625',31,25,'20180625',18.00,917260,27.90,0,917260,60000000,'2','N','2019-04-11 08:00:53','2019-04-11 08:00:53','lklk','lklk'),(30,603,1009,1009,15,'20180626','20180726',31,26,'20180726',18.00,917260,27.90,60000000,60917260,0,'2','Y','2019-04-11 08:00:53','2019-04-11 08:00:53','lklk','lklk'),(31,569,1009,1009,1,'20170727','20170825',30,25,'20170825',18.00,887671,27.90,0,887671,60000000,'2','N','2019-04-11 06:29:51','2019-04-11 06:29:51','lklk','lklk'),(31,570,1009,1009,2,'20170826','20170926',31,26,'20170925',18.00,917260,27.90,0,917260,60000000,'4','N','2019-04-11 06:29:51','2019-04-11 06:54:34','lklk','lklk'),(31,581,1009,1009,4,'20170927','20171025',29,25,'20171025',18.00,858082,27.90,0,858082,60000000,'2','N','2019-04-11 06:54:34','2019-04-11 06:54:34','lklk','lklk'),(31,582,1009,1009,5,'20171026','20171125',31,25,'20171125',18.00,917260,27.90,0,917260,60000000,'2','N','2019-04-11 06:54:34','2019-04-11 06:54:34','lklk','lklk'),(31,583,1009,1009,6,'20171126','20171228',32,28,'20171225',18.00,887671,27.90,0,887671,60000000,'4','N','2019-04-11 06:54:34','2019-04-11 07:48:55','lklk','lklk'),(31,591,1009,1009,8,'20171229','20180131',33,31,'20180125',18.00,828493,27.90,0,828493,60000000,'4','N','2019-04-11 07:48:56','2019-04-11 08:00:53','lklk','lklk'),(31,598,1009,1009,10,'20180201','20180225',25,25,'20180225',18.00,739726,27.90,0,739726,60000000,'2','N','2019-04-11 08:00:53','2019-04-11 08:00:53','lklk','lklk'),(31,599,1009,1009,11,'20180226','20180510',73,10,'20180325',18.00,828493,27.90,0,828493,60000000,'4','N','2019-04-11 08:00:53','2019-04-11 08:39:43','lklk','lklk'),(31,604,1009,1009,13,'20180511','20180525',15,25,'20180525',18.00,443835,27.90,0,443835,60000000,'2','N','2019-04-11 08:39:43','2019-04-11 08:39:43','lklk','lklk'),(31,605,1009,1009,14,'20180526','20180726',62,26,'20180726',18.00,1834520,27.90,60000000,61834520,0,'2','Y','2019-04-11 08:39:43','2019-04-11 08:39:43','lklk','lklk');
/*!40000 ALTER TABLE `loan_history_repaymentinfo` ENABLE KEYS */;
UNLOCK TABLES;

--
-- Table structure for table `loancust`
--

DROP TABLE IF EXISTS `loancust`;
/*!40101 SET @saved_cs_client     = @@character_set_client */;
/*!50503 SET character_set_client = utf8mb4 */;
CREATE TABLE `loancust` (
  `cnum` int(11) NOT NULL AUTO_INCREMENT COMMENT '고객정보 key',
  `cname` varchar(125) NOT NULL COMMENT '성명',
  `cstatus` char(6) NOT NULL COMMENT '고객상태',
  `crrn` char(6) NOT NULL COMMENT '주민번호 앞자리',
  `crrn2` varchar(55) DEFAULT NULL COMMENT '주민번호 뒷자리',
  `sex` char(6) NOT NULL COMMENT '성별',
  `marry` char(6) DEFAULT NULL COMMENT '결혼여부',
  `grade` char(6) DEFAULT NULL COMMENT '등급',
  `grade_status` char(6) DEFAULT NULL COMMENT '등급상태',
  `hpost` varchar(7) DEFAULT NULL COMMENT '우편번호',
  `haddr1` char(20) DEFAULT NULL COMMENT '주소1(시,도)',
  `haddr1_1` char(20) DEFAULT NULL COMMENT '주소2(구군)',
  `haddr2` varchar(625) DEFAULT NULL COMMENT '주소상세',
  `ctel_div` char(6) NOT NULL COMMENT '통신사',
  `ctel` varchar(70) NOT NULL COMMENT '휴대폰번호',
  `htel` varchar(70) DEFAULT NULL COMMENT '일반전화번호',
  `email` varchar(120) DEFAULT NULL COMMENT '이메일',
  `company_occup` varchar(50) DEFAULT NULL COMMENT '직업구분',
  `company_name` varchar(50) DEFAULT NULL COMMENT '직장명',
  `company_position` varchar(50) DEFAULT NULL COMMENT '직위',
  `company_tel` varchar(70) DEFAULT NULL COMMENT '직장연락처',
  `company_post` varchar(35) DEFAULT NULL COMMENT '직장우편번호',
  `company_addr1` char(20) DEFAULT NULL COMMENT '직장주소1',
  `company_addr1_1` char(20) DEFAULT NULL COMMENT '직장주소2',
  `company_addr2` varchar(625) DEFAULT NULL COMMENT '직장주소상세',
  `cdname` varchar(20) DEFAULT NULL COMMENT '대리인성명',
  `cdtel` varchar(70) DEFAULT NULL COMMENT '대리인연락처',
  `cdrel` char(6) DEFAULT NULL COMMENT '대리인관계',
  `memo` varchar(255) DEFAULT NULL COMMENT '메모',
  `createDate` timestamp NOT NULL DEFAULT CURRENT_TIMESTAMP COMMENT '최초등록일시',
  `updateDate` timestamp NOT NULL DEFAULT '0000-00-00 00:00:00' COMMENT '수정일시',
  `createUser` varchar(20) NOT NULL COMMENT '최초등록자',
  `updateUser` varchar(20) NOT NULL COMMENT '수정자',
  `salary` varchar(13) DEFAULT NULL COMMENT '연봉',
  PRIMARY KEY (`cnum`),
  UNIQUE KEY `cnum` (`cnum`)
) ENGINE=InnoDB AUTO_INCREMENT=1010 DEFAULT CHARSET=utf8 COMMENT='대출고객정보';
/*!40101 SET character_set_client = @saved_cs_client */;

--
-- Dumping data for table `loancust`
--

LOCK TABLES `loancust` WRITE;
/*!40000 ALTER TABLE `loancust` DISABLE KEYS */;
INSERT INTO `loancust` VALUES (1002,'강성훈','4','710822','EGWj1GqpZReuYT4TDTVUmg==','1','2','4','2',NULL,'10','27','bTkmRLoCG8nKss3C0jETrzxE1qGymCdw/YcKKWCdZeheYAChd/tdHNRAf83k0Ni1o4d0ZiRP3nYh9K55LiGELQ==','2','D7lqzEw9xZjRCI19HoaTuw==','','survey7@hanmail.net','2','삼성전자','과장','16BdLJvbkWXpCk4G5a04KQ==',NULL,'1','선택','','','','','','2019-03-19 06:04:29','2019-03-19 06:04:29','lk0203','lk0203','120000000'),(1003,'이광우','4','700830','9IJfhhC5lCtUR2LKWCRzyg==','1','2','6','2',NULL,'2','22','5FjBVu+CALEoGpWKdqCrNAEdEAJSdlBZDcZvom7ILi63TA8b4wRmA1yrCkV9ZDk7vX3gGlMpgf2ZUXAhbkKdUQ==','3','N/qV5YQJG/nE5t1uDG7+pg==','','','2','청화대','경호서기관','',NULL,'2','23','wXMh6Xhb+d0rPq2BY+jo6w==','','','','','2019-03-19 06:27:44','2019-03-19 06:27:44','lk0203','lk0203','83000000'),(1004,'이상현','4','690210','wvvds7tJ/ngZLssJmhz8uA==','1','2','9','2',NULL,'5','6','0tA5CV4bifvIupf9K+bRgFGAWqEvAR3OuYz2a5+SHt/s/zl9AZq8L6IdrzyNx/w6Tc72GtJAx+ursVXZ46Vx8/QQj5C2XgJIgAqK1pfHQgY=','2','N/qV5YQJG/nE5t1uDG7+pg==','','','3','','','',NULL,'1','','','','','','','2019-03-19 06:39:26','2019-03-19 06:39:26','lk0203','lk0203',''),(1005,'임대묵','4','820605','pAlNQhUDOY+SlNQwdnitTQ==','1','3','8','2',NULL,'10','22','K4fbWC1NwS3A/XuzUKuH8FRsrYnDoxKoSUq/JWg5g9R/bjyk6DAYcfWSvrj5ahoiVS0lfdDx1i7Qc/jAsZEx7A==','3','N/qV5YQJG/nE5t1uDG7+pg==','','','2','한국표준엔지니어링','대리','',NULL,'1','','','','','','','2019-03-19 06:54:37','2019-03-19 06:54:37','lk0203','lk0203','50000000'),(1006,'박주영','4','791222','tOAr2IwucQcLkLJKnkEKqg==','1','2','5','2',NULL,'5','7','M4QTkqvMTfSN6Pjh4ZcxE0J1GmqWQTM7ERH7fqDz1sZGCSMNsjBxCqfi7Sp8nSgvbNmP2+s1aahVLt8qzQSi5Q==','2','N/qV5YQJG/nE5t1uDG7+pg==','','','2','수텍스','부장','',NULL,'1','','','','','','','2019-03-19 07:39:00','2019-03-19 07:39:00','lk0203','lk0203','35000000'),(1007,'최장용','4','801021','OFEG6ah7Mm6mLCXpdZ69KQ==','1','','','',NULL,'1','','','8','zGRRH0yRNduSunf7vKmGhQ==','','','','','','',NULL,'1','','','','','','','2019-04-04 03:44:47','2019-04-04 03:47:38','lklk','lklk',''),(1008,'test','4','821105','Z8W8dfSiqLvPykUUD+eweg==','1','2','3','2',NULL,'2','1','1JJhaTE6P7hcSyglIpWExmZ7jSj9jmEUudS+2OtVL4fCDmD5K96j8kWVPudR9CAWRRz/NgwGLr+F4uLTG4lqYMgX0Z9GKRq08sam/Kr1Re0Ul3IzsalGsG2iXNuQJFt1','2','ETLsfeKtQyiQAph0CDEWUQ==','dg51rNFTpTWXAvXxYx3c1Q==','imranunculus@gmail.com','2','','','',NULL,'1','','','','','','','2019-04-04 06:10:17','2019-04-04 06:10:17','knoone','knoone',''),(1009,'장창규','4','800130','yq2P5WOHfLCEhXEfLF3t+w==','1','','','',NULL,'1','','','8','zLEcNBdAScTrtr/lkmWi5A==','','','','','','',NULL,'1','','','','','','','2019-04-11 06:28:01','2019-04-11 06:28:01','lklk','lklk','');
/*!40000 ALTER TABLE `loancust` ENABLE KEYS */;
UNLOCK TABLES;

--
-- Table structure for table `loaninfo`
--

DROP TABLE IF EXISTS `loaninfo`;
/*!40101 SET @saved_cs_client     = @@character_set_client */;
/*!50503 SET character_set_client = utf8mb4 */;
CREATE TABLE `loaninfo` (
  `loan_num` int(11) NOT NULL AUTO_INCREMENT COMMENT '대출정보 key',
  `cnum` int(11) NOT NULL COMMENT '고객정보 key',
  `loanstatus` varchar(6) DEFAULT NULL COMMENT '대출상태',
  `loan_div` char(6) NOT NULL COMMENT '대출구분',
  `loan_cost` bigint(11) DEFAULT NULL COMMENT '대출금액',
  `loan_irt` double(5,2) DEFAULT NULL COMMENT '금리',
  `irt_day` int(2) DEFAULT NULL COMMENT '이자일',
  `loan_overdue_irt` double(5,2) DEFAULT NULL COMMENT '연체금리',
  `loan_repay` char(6) DEFAULT NULL COMMENT '상환방식',
  `trading` varchar(120) DEFAULT NULL COMMENT '매매건',
  `re_boolen` char(6) DEFAULT NULL COMMENT '동시진행',
  `manager` varchar(125) DEFAULT NULL COMMENT '담당자',
  `account` varchar(125) DEFAULT NULL COMMENT '거래처',
  `extra_pay` bigint(11) DEFAULT NULL COMMENT '수당',
  `loan_handday` char(10) DEFAULT NULL COMMENT '자서일',
  `loan_sday` char(10) DEFAULT NULL COMMENT '기표일',
  `loan_term` int(2) DEFAULT NULL COMMENT '대출기간',
  `loan_eday` char(10) DEFAULT NULL COMMENT '만기일',
  `loan_rday` char(10) DEFAULT NULL COMMENT '상환일',
  `commission_kbn` char(4) DEFAULT NULL COMMENT '중도상환수수료',
  `commission1_irt` double(5,2) DEFAULT NULL,
  `commission2_irt` double(5,2) DEFAULT NULL,
  `commission3_irt` double(5,2) DEFAULT NULL,
  `commission1_day` int(3) DEFAULT NULL,
  `commission2_day` int(3) DEFAULT NULL,
  `commission3_day` int(3) DEFAULT NULL,
  `loan_memo` varchar(255) DEFAULT NULL COMMENT '메모',
  `createDate` timestamp NOT NULL DEFAULT CURRENT_TIMESTAMP COMMENT '최초등록일시',
  `updateDate` timestamp NOT NULL DEFAULT '0000-00-00 00:00:00' COMMENT '수정일시',
  `createUser` varchar(20) NOT NULL COMMENT '최초등록자',
  `updateUser` varchar(20) NOT NULL COMMENT '수정자',
  `sub_loan_num` int(11) DEFAULT NULL COMMENT '연결대출번호',
  PRIMARY KEY (`loan_num`),
  UNIQUE KEY `loan_num` (`loan_num`),
  KEY `loanInfo2_ibfk_1` (`cnum`),
  CONSTRAINT `loanInfo_ibfk_1` FOREIGN KEY (`cnum`) REFERENCES `loancust` (`cnum`)
) ENGINE=InnoDB AUTO_INCREMENT=1010 DEFAULT CHARSET=utf8 COMMENT='대출정보';
/*!40101 SET character_set_client = @saved_cs_client */;

--
-- Dumping data for table `loaninfo`
--

LOCK TABLES `loaninfo` WRITE;
/*!40000 ALTER TABLE `loaninfo` DISABLE KEYS */;
INSERT INTO `loaninfo` VALUES (1002,1002,'5','6',0,16.50,25,27.90,'2','4','2','이하우','뱅크앤론',200000,'20170420','20170420',24,'20190420','20190420','kbn2',3.00,NULL,NULL,24,NULL,NULL,NULL,'2019-03-19 06:08:13','2019-03-27 08:11:59','lk0203','lklk',NULL),(1003,1003,'5','6',0,15.50,25,27.90,'2','2','1','김대호','에스엠',330000,NULL,'20170609',24,'20190609','20190609','kbn2',3.00,0.00,0.00,24,0,0,'','2019-04-04 06:44:03','2019-04-04 07:51:12','lklk','lklk',NULL),(1004,1004,'5','6',0,16.90,5,27.90,'2','4','2','임완혁','우리은행',200000,NULL,'20170410',24,'20190410','20190410','kbn3',3.00,2.00,1.00,12,18,23,NULL,'2019-03-19 06:41:22','2019-03-28 04:55:04','lk0203','lklk',NULL),(1005,1005,'5','6',0,18.50,25,27.90,'2',NULL,'2','김대호','맥스',300000,NULL,'20170510',24,'20190510','20190510','kbn2',3.00,NULL,NULL,24,NULL,NULL,NULL,'2019-03-19 06:55:55','2019-03-28 07:13:30','lk0203','lklk',NULL),(1006,1006,'5','6',0,13.50,25,27.90,'2','4','2','이하우','노블',400000,NULL,'20170424',24,'20190424','20190424','kbn2',3.00,NULL,NULL,24,NULL,NULL,NULL,'2019-03-19 07:40:09','2019-03-27 06:05:32','lk0203','lklk',NULL),(1007,1007,'2','2',59000000,14.00,25,27.90,'2',NULL,NULL,NULL,NULL,NULL,NULL,'20170710',24,'20190710','20190710','kbn2',3.00,NULL,NULL,24,NULL,NULL,'','2019-04-04 03:51:25','2019-04-04 07:47:52','lklk','lklk',NULL),(1008,1008,'2','2',5000000,15.00,5,24.00,'2','2',NULL,'ttt','12',500,'20190304','20190305',24,'20210305','20210305','kbn1',4.00,NULL,NULL,NULL,NULL,NULL,'','2019-04-04 06:23:23','2019-04-04 06:23:57','knoone','knoone',NULL),(1009,1009,'2','2',60000000,18.00,25,27.90,'2','3','2','임완혁',NULL,NULL,NULL,'20170726',12,'20180726','20180726','kbn2',3.00,NULL,NULL,12,NULL,NULL,'17.09.25이자 5일 연체 9.30에 부족하게 100만원 입금 전산에 26기준으로 입력\n17.12.25이자 8일 연체후 3일연체 기준으로 입금\n18.01.25이자 6일연체 31입금시 329 원 초과','2019-04-11 06:29:51','2019-04-11 08:39:43','lklk','lklk',NULL);
/*!40000 ALTER TABLE `loaninfo` ENABLE KEYS */;
UNLOCK TABLES;

--
-- Table structure for table `loanmember`
--

DROP TABLE IF EXISTS `loanmember`;
/*!40101 SET @saved_cs_client     = @@character_set_client */;
/*!50503 SET character_set_client = utf8mb4 */;
CREATE TABLE `loanmember` (
  `empl_num` int(11) NOT NULL AUTO_INCREMENT COMMENT '사원 key',
  `company_num` int(11) DEFAULT NULL COMMENT '회사명',
  `empl_name` varchar(125) NOT NULL COMMENT '성명',
  `empl_id` varchar(20) NOT NULL COMMENT '아이디',
  `empl_pwd` varchar(125) NOT NULL COMMENT '패스워드',
  `empl_pwd_key` varchar(30) NOT NULL COMMENT '패스워드 키',
  `empl_email` varchar(120) DEFAULT NULL COMMENT '이메일',
  `empl_phone` varchar(80) DEFAULT NULL COMMENT '연락처',
  `empl_use` char(1) NOT NULL DEFAULT 'Y' COMMENT '사용여부',
  `empl_role` char(1) NOT NULL DEFAULT 'P' COMMENT '권한',
  `join_date` timestamp NOT NULL DEFAULT CURRENT_TIMESTAMP COMMENT '가입일시',
  `last_login_date` timestamp NOT NULL DEFAULT '0000-00-00 00:00:00' COMMENT '최종로그인일시',
  PRIMARY KEY (`empl_num`,`empl_id`),
  UNIQUE KEY `empl_num_UNIQUE` (`empl_num`),
  KEY `loanMember_ibfk_1` (`company_num`),
  CONSTRAINT `loanMember_ibfk_1` FOREIGN KEY (`company_num`) REFERENCES `banky`.`loancompany` (`company_num`)
) ENGINE=InnoDB AUTO_INCREMENT=26 DEFAULT CHARSET=utf8 COMMENT='대출회사 사원정보';
/*!40101 SET character_set_client = @saved_cs_client */;

--
-- Dumping data for table `loanmember`
--

LOCK TABLES `loanmember` WRITE;
/*!40000 ALTER TABLE `loanmember` DISABLE KEYS */;
INSERT INTO `loanmember` VALUES (21,3,'수정','sj','2IcdTSlNIqu7gG6dIO3pvg==','##########lkloan','k-no11@daum.net','01027402017','Y','P','2019-03-19 05:09:41','2018-08-31 03:55:29'),(22,3,'이하우','lklk','LMFCmjKs//ZEzoSRR/E/9g==','##########lkloan','mathhow@naver.com','010-1234-1234','Y','P','2018-08-31 03:52:44','2018-08-31 04:11:35'),(23,3,'lk대부테스트','lk1234','LMFCmjKs//ZEzoSRR/E/9g==','##########lkloan','111@111.111','01012341234','Y','P','2018-08-31 03:55:29','2018-08-31 03:55:29'),(24,3,'임완혁','lk0203','p4nUFK5qCuUi1FdYWjez8g==','##########lkloan','survey7@hanmail.net','01071036315','Y','P','2019-03-19 05:08:02','2018-08-31 03:55:29'),(25,3,'김정현','knoone','YaOXbC0PTOrDuriRMIka+g==','##########lkloan','k-no11@daum.net','01027402017','Y','P','2019-03-19 05:09:41','2018-08-31 03:55:29');
/*!40000 ALTER TABLE `loanmember` ENABLE KEYS */;
UNLOCK TABLES;

--
-- Table structure for table `loanoffer`
--

DROP TABLE IF EXISTS `loanoffer`;
/*!40101 SET @saved_cs_client     = @@character_set_client */;
/*!50503 SET character_set_client = utf8mb4 */;
CREATE TABLE `loanoffer` (
  `gu_num` int(11) NOT NULL AUTO_INCREMENT COMMENT '담보제공자key',
  `cnum` int(11) NOT NULL COMMENT '고객정보 key',
  `loan_num` int(11) NOT NULL COMMENT '대출정보 key',
  `gu_cname` varchar(125) NOT NULL COMMENT '담보제공자성명',
  `name_kinds` char(6) NOT NULL COMMENT '담보명의',
  `gu_crrn` char(6) NOT NULL COMMENT '주민번호 앞자리',
  `gu_crrn2` varchar(55) DEFAULT NULL COMMENT '주민번호 뒷자리',
  `gu_sex` char(6) DEFAULT NULL COMMENT '성별',
  `gu_rel` char(6) DEFAULT NULL COMMENT '채무자와의관계',
  `gu_grade` varchar(10) DEFAULT NULL COMMENT '등급',
  `gu_grade_status` char(6) DEFAULT NULL COMMENT '등급상태',
  `gu_hpost` varchar(35) DEFAULT NULL COMMENT '우편번호',
  `gu_addr1` char(20) DEFAULT NULL COMMENT '주소1(시,도)',
  `gu_addr1_1` char(20) DEFAULT NULL COMMENT '주소2(구군)',
  `gu_addr2` varchar(625) DEFAULT NULL COMMENT '주소상세',
  `gu_ctel_div` char(6) DEFAULT NULL COMMENT '통신사',
  `gu_ctel` varchar(70) DEFAULT NULL COMMENT '휴대폰번호',
  `gu_htel` varchar(70) DEFAULT NULL COMMENT '일반전화번호',
  `gu_email` varchar(120) DEFAULT NULL COMMENT '이메일',
  `gu_company_occup` varchar(50) DEFAULT NULL COMMENT '직업구분',
  `gu_company_name` varchar(50) DEFAULT NULL COMMENT '직장명',
  `gu_company_position` varchar(50) DEFAULT NULL COMMENT '직위',
  `gu_company_tel` varchar(70) DEFAULT NULL COMMENT '직장연락처',
  `gu_company_post` varchar(35) DEFAULT NULL COMMENT '직장우편번호',
  `gu_company_addr1` char(20) DEFAULT NULL COMMENT '직장주소1',
  `gu_company_addr1_1` char(20) DEFAULT NULL COMMENT '직장주소2',
  `gu_company_addr2` varchar(625) DEFAULT NULL COMMENT '직장주소상세',
  `gu_memo` varchar(255) DEFAULT NULL COMMENT '메모',
  `createDate` timestamp NOT NULL DEFAULT CURRENT_TIMESTAMP COMMENT '최초등록일시',
  `updateDate` timestamp NOT NULL DEFAULT '0000-00-00 00:00:00' COMMENT '수정일시',
  `createUser` varchar(20) NOT NULL COMMENT '최초등록자',
  `updateUser` varchar(20) NOT NULL COMMENT '수정자',
  PRIMARY KEY (`gu_num`,`cnum`,`loan_num`),
  KEY `loanOffer_ibfk_1` (`cnum`),
  KEY `loanOffer_ibfk_2` (`loan_num`),
  CONSTRAINT `loanOffer_ibfk_1` FOREIGN KEY (`cnum`) REFERENCES `loancust` (`cnum`),
  CONSTRAINT `loanOffer_ibfk_2` FOREIGN KEY (`loan_num`) REFERENCES `loaninfo` (`loan_num`)
) ENGINE=InnoDB AUTO_INCREMENT=2 DEFAULT CHARSET=utf8 COMMENT='대출담보제공자';
/*!40101 SET character_set_client = @saved_cs_client */;

--
-- Dumping data for table `loanoffer`
--

LOCK TABLES `loanoffer` WRITE;
/*!40000 ALTER TABLE `loanoffer` DISABLE KEYS */;
INSERT INTO `loanoffer` VALUES (1,1002,1002,'강성훈','1','710822','EGWj1GqpZReuYT4TDTVUmg==','1','7','4','2',NULL,'10','27','bTkmRLoCG8nKss3C0jETrzxE1qGymCdw/YcKKWCdZeheYAChd/tdHNRAf83k0Ni1o4d0ZiRP3nYh9K55LiGELQ==','2','D7lqzEw9xZjRCI19HoaTuw==',NULL,'survey7@hanmail.net','2','삼성전자','과장','16BdLJvbkWXpCk4G5a04KQ==',NULL,'1','선택',NULL,NULL,'2019-03-19 06:08:19','2019-03-19 06:19:00','lk0203','knoone'),(1,1003,1003,'이광우','1','700830','9IJfhhC5lCtUR2LKWCRzyg==','1','7','6','2',NULL,'2','22','5FjBVu+CALEoGpWKdqCrNAEdEAJSdlBZDcZvom7ILi63TA8b4wRmA1yrCkV9ZDk7vX3gGlMpgf2ZUXAhbkKdUQ==','3','N/qV5YQJG/nE5t1uDG7+pg==',NULL,NULL,'2','청화대','경호서기관',NULL,NULL,'2','23','wXMh6Xhb+d0rPq2BY+jo6w==',NULL,'2019-03-19 06:30:27','2019-03-19 06:30:27','lk0203','lk0203'),(1,1004,1004,'김순현','2','711124','4vh+bXGJtHTVAHOy98cAjg==','2','2','7','2',NULL,'5','6','+bVu+0pXGvhOIriaMym+2+TH9HCaP0eU+sgJUlio18bjsLZ6ip05AfEMKFYHIyc1A7N6KGVKK5HUnvljuE7eyg==','2','MWhqFB/5YYueFSg7ALZwsw==',NULL,NULL,NULL,NULL,NULL,NULL,NULL,'1','선택',NULL,NULL,'2019-03-19 06:43:43','2019-03-19 06:44:30','lk0203','lk0203'),(1,1005,1005,'임대묵','1','820605','pAlNQhUDOY+SlNQwdnitTQ==','1','7','8','2',NULL,'10','22','K4fbWC1NwS3A/XuzUKuH8FRsrYnDoxKoSUq/JWg5g9R/bjyk6DAYcfWSvrj5ahoiVS0lfdDx1i7Qc/jAsZEx7A==','3','N/qV5YQJG/nE5t1uDG7+pg==',NULL,NULL,'2','한국표준엔지니어링','대리',NULL,NULL,'1','선택',NULL,NULL,'2019-03-19 06:56:03','2019-03-19 06:56:03','lk0203','lk0203');
/*!40000 ALTER TABLE `loanoffer` ENABLE KEYS */;
UNLOCK TABLES;

--
-- Table structure for table `overdueinfo`
--

DROP TABLE IF EXISTS `overdueinfo`;
/*!40101 SET @saved_cs_client     = @@character_set_client */;
/*!50503 SET character_set_client = utf8mb4 */;
CREATE TABLE `overdueinfo` (
  `ov_id` int(11) NOT NULL AUTO_INCREMENT COMMENT '연체정보 key',
  `cnum` int(11) NOT NULL COMMENT '고객정보key',
  `loan_num` int(11) NOT NULL COMMENT '대출정보key',
  `ov_principal_cost` bigint(11) NOT NULL COMMENT '대출금액',
  `ov_overdue_sday` char(10) NOT NULL COMMENT '연체시작일',
  `ov_normal_cost` bigint(11) NOT NULL COMMENT '정상이자금액',
  `ov_exem_irt` double(5,2) NOT NULL COMMENT '연체이율',
  `ov_exem_cost` bigint(11) NOT NULL COMMENT '연체금액',
  `ov_sum_cost` bigint(11) NOT NULL COMMENT '정상이자+연체금액합계',
  `ov_memo` varchar(255) DEFAULT NULL COMMENT '메모',
  `createDate` timestamp NOT NULL DEFAULT CURRENT_TIMESTAMP COMMENT '최초등록일시',
  `updateDate` timestamp NOT NULL DEFAULT '0000-00-00 00:00:00' COMMENT '수정일시',
  `createUser` varchar(20) NOT NULL COMMENT '최초등록자',
  `updateUser` varchar(20) NOT NULL COMMENT '수정자',
  PRIMARY KEY (`cnum`,`loan_num`),
  UNIQUE KEY `ov_id_UNIQUE` (`ov_id`)
) ENGINE=InnoDB DEFAULT CHARSET=utf8 COMMENT='연체정보';
/*!40101 SET character_set_client = @saved_cs_client */;

--
-- Dumping data for table `overdueinfo`
--

LOCK TABLES `overdueinfo` WRITE;
/*!40000 ALTER TABLE `overdueinfo` DISABLE KEYS */;
/*!40000 ALTER TABLE `overdueinfo` ENABLE KEYS */;
UNLOCK TABLES;

--
-- Table structure for table `pledsett`
--

DROP TABLE IF EXISTS `pledsett`;
/*!40101 SET @saved_cs_client     = @@character_set_client */;
/*!50503 SET character_set_client = utf8mb4 */;
CREATE TABLE `pledsett` (
  `pled_num` int(11) NOT NULL AUTO_INCREMENT COMMENT '질권정보 key',
  `loan_num` int(11) NOT NULL COMMENT '대출정보 key',
  `pledge_cost` bigint(11) DEFAULT NULL COMMENT '질권대출금액',
  `pledge_irt` double(5,2) DEFAULT NULL COMMENT '질권금리',
  `pledge_irt_day` int(2) DEFAULT NULL COMMENT '질권이자일',
  `pledge_finance_inst` varchar(120) DEFAULT NULL COMMENT '질권금융기관',
  `pledge_sday` char(10) DEFAULT NULL COMMENT '질권기표일',
  `pledge_term` int(3) DEFAULT NULL COMMENT '질권대출기간',
  `pledge_eday` char(10) DEFAULT NULL COMMENT '질권만기일',
  `pledge_rday` char(10) DEFAULT NULL COMMENT '질권상환일',
  `pledge_commission_charge` bigint(11) DEFAULT NULL COMMENT '질권중도상환수수료',
  `pledge_ltv` varchar(5) DEFAULT NULL COMMENT '질권 LTV',
  `pledge_unpaid_cost` bigint(11) DEFAULT NULL COMMENT '질권미회수금액',
  `pledge_memo` varchar(255) DEFAULT NULL COMMENT '질권메모',
  `createDate` timestamp NOT NULL DEFAULT CURRENT_TIMESTAMP COMMENT '최초등록일시',
  `updateDate` timestamp NOT NULL DEFAULT '0000-00-00 00:00:00' COMMENT '수정일시',
  `createUser` varchar(20) NOT NULL COMMENT '최초등록자',
  `updateUser` varchar(20) NOT NULL COMMENT '수정자',
  PRIMARY KEY (`pled_num`,`loan_num`),
  KEY `pledSett_ibfk_2` (`loan_num`),
  KEY `pledSett_ibfk_1` (`pledge_cost`),
  CONSTRAINT `pledSett_ibfk_1` FOREIGN KEY (`loan_num`) REFERENCES `loaninfo` (`loan_num`)
) ENGINE=InnoDB AUTO_INCREMENT=2 DEFAULT CHARSET=utf8 COMMENT='질권설정테이블';
/*!40101 SET character_set_client = @saved_cs_client */;

--
-- Dumping data for table `pledsett`
--

LOCK TABLES `pledsett` WRITE;
/*!40000 ALTER TABLE `pledsett` DISABLE KEYS */;
INSERT INTO `pledsett` VALUES (1,1002,20000000,6.80,2,'우리캐피탈','20170430',12,'20180430',NULL,0,'89',0,NULL,'2019-03-19 06:23:03','2019-03-19 06:23:03','lk0203','lk0203'),(1,1003,33000000,6.80,2,'우리캐피탈','20170613',12,'20180613',NULL,0,'89',0,NULL,'2019-03-19 06:32:43','2019-03-19 06:32:43','lk0203','lk0203'),(1,1004,20000000,7.80,2,'우리캐피탈','20170415',12,'20180415',NULL,0,'89',0,NULL,'2019-03-19 06:48:18','2019-03-19 06:48:18','lk0203','lk0203'),(1,1005,20000000,6.80,2,'우리캐피탈','20170517',12,'20180517',NULL,0,'89',0,NULL,'2019-03-19 07:03:20','2019-03-19 07:03:20','lk0203','lk0203'),(1,1006,40000000,6.80,2,'우리캐피탈','20170430',12,'20180430',NULL,0,'89',0,NULL,'2019-03-19 07:42:43','2019-03-19 07:42:43','lk0203','lk0203');
/*!40000 ALTER TABLE `pledsett` ENABLE KEYS */;
UNLOCK TABLES;

--
-- Table structure for table `receiveinfo`
--

DROP TABLE IF EXISTS `receiveinfo`;
/*!40101 SET @saved_cs_client     = @@character_set_client */;
/*!50503 SET character_set_client = utf8mb4 */;
CREATE TABLE `receiveinfo` (
  `rec_id` int(11) NOT NULL AUTO_INCREMENT COMMENT '수납정보 key',
  `cnum` int(11) NOT NULL COMMENT '고객정보 key',
  `loan_num` int(11) NOT NULL COMMENT '대출정보 key',
  `repay_count` int(11) NOT NULL COMMENT '납입회차',
  `rec_info` char(7) DEFAULT NULL COMMENT '수납상태',
  `rec_overdue_sday` char(10) DEFAULT NULL COMMENT '연체계산 시작',
  `rec_overdue_eday` char(10) DEFAULT NULL COMMENT '연체계산 종료',
  `rec_exem_cost` bigint(11) DEFAULT NULL COMMENT '이자면제금액',
  `rec_normal_cost` bigint(11) DEFAULT '0' COMMENT '납부 원금 금액',
  `rec_normal_irt_cost` bigint(11) DEFAULT '0' COMMENT '정상 이자 금액',
  `rec_overdue_cost` bigint(11) DEFAULT NULL COMMENT '연체 이자 금액',
  `rec_deposit_cost` bigint(11) DEFAULT NULL COMMENT '입금한 이자 금액',
  `rec_pay_day` char(10) DEFAULT NULL COMMENT '이자 수납한 일자',
  `createDate` timestamp NOT NULL DEFAULT CURRENT_TIMESTAMP ON UPDATE CURRENT_TIMESTAMP COMMENT '최초등록일시',
  `updateDate` timestamp NOT NULL DEFAULT '0000-00-00 00:00:00' COMMENT '수정일시',
  `createUser` varchar(20) NOT NULL COMMENT '최초등록자',
  `updateUser` varchar(20) NOT NULL COMMENT '수정자',
  PRIMARY KEY (`cnum`,`loan_num`,`repay_count`),
  UNIQUE KEY `rec_id_UNIQUE` (`rec_id`),
  KEY `receiveInfo_ibfk_1_idx` (`cnum`,`loan_num`)
) ENGINE=InnoDB AUTO_INCREMENT=605 DEFAULT CHARSET=utf8 COMMENT='수납정보';
/*!40101 SET character_set_client = @saved_cs_client */;

--
-- Dumping data for table `receiveinfo`
--

LOCK TABLES `receiveinfo` WRITE;
/*!40000 ALTER TABLE `receiveinfo` DISABLE KEYS */;
INSERT INTO `receiveinfo` VALUES (185,1002,1002,1,'2','20170421','20170516',0,20000000,235068,NULL,235068,NULL,'2019-03-27 08:11:59','2019-03-27 08:11:59','lklk','lklk'),(367,1003,1003,1,'2','20170610','20170620',0,33000000,154150,NULL,154150,NULL,'2019-04-04 07:51:12','2019-04-04 07:51:12','lklk','lklk'),(49,1004,1004,1,'2',NULL,NULL,0,NULL,231506,0,231506,'20170505','2019-03-27 08:13:45','2019-03-27 08:13:45','lklk','lklk'),(50,1004,1004,2,'2',NULL,NULL,0,NULL,287068,0,287068,'20170605','2019-03-27 08:14:47','2019-03-27 08:14:47','lklk','lklk'),(187,1004,1004,3,'2','20170606','20170612',0,20000000,64821,NULL,64821,NULL,'2019-03-28 04:55:04','2019-03-28 04:55:04','lklk','lklk'),(188,1005,1005,1,'4','20170511','20170525',NULL,NULL,152054,NULL,NULL,'20170511','2019-03-28 07:13:30','2019-03-28 07:13:30','lklk','lklk'),(191,1005,1005,2,'2','20170526','20170615',108164,20000000,152054,321041,364931,'20170511','2019-03-28 07:13:30','2019-03-28 07:13:30','lklk','lklk'),(121,1006,1006,1,'2',NULL,NULL,0,NULL,458630,0,458630,'20170525','2019-03-20 08:04:19','2019-03-20 08:04:19','lklk','lklk'),(184,1006,1006,2,'2','20170526','20170621',0,40000000,399452,NULL,399452,NULL,'2019-03-27 06:05:32','2019-03-27 06:05:32','lklk','lklk'),(361,1007,1007,1,'2',NULL,NULL,0,NULL,339452,0,339452,'20170725','2019-04-04 04:43:20','2019-04-04 04:43:20','lklk','lklk'),(362,1007,1007,2,'2',NULL,NULL,0,NULL,701534,0,701534,'20170825','2019-04-04 04:44:10','2019-04-04 04:44:10','lklk','lklk'),(363,1007,1007,3,'2',NULL,NULL,0,NULL,701534,0,701534,'20170925','2019-04-04 04:47:44','2019-04-04 04:47:44','lklk','lklk'),(364,1007,1007,4,'2',NULL,NULL,0,NULL,678904,0,678904,'20171025','2019-04-04 04:49:47','2019-04-04 04:49:47','lklk','lklk'),(365,1007,1007,5,'4','20171126','20171129',0,NULL,701534,180394,881928,'20171129','2019-04-04 07:47:52','2019-04-04 07:47:52','lklk','lklk'),(549,1007,1007,7,'2',NULL,NULL,0,NULL,588383,0,588383,'20171225','2019-04-11 04:47:08','2019-04-11 04:47:08','lklk','lklk'),(550,1007,1007,8,'2',NULL,NULL,0,NULL,701534,0,701534,'20180125','2019-04-11 05:36:28','2019-04-11 05:36:28','lklk','lklk'),(569,1009,1009,1,'2',NULL,NULL,0,NULL,887671,0,887671,'20170825','2019-04-11 06:43:03','2019-04-11 06:43:03','lklk','lklk'),(570,1009,1009,2,'4','20170926',NULL,0,NULL,917260,45863,1000000,'20170926','2019-04-11 06:54:34','2019-04-11 06:54:34','lklk','lklk'),(581,1009,1009,4,'2',NULL,NULL,0,NULL,858082,0,858082,'20171025','2019-04-11 07:47:09','2019-04-11 07:47:09','lklk','lklk'),(582,1009,1009,5,'2',NULL,NULL,0,NULL,917260,0,917260,'20171125','2019-04-11 07:47:47','2019-04-11 07:47:47','lklk','lklk'),(583,1009,1009,6,'4','20171226','20171228',0,NULL,887671,137589,1025260,'20171228','2019-04-11 07:48:55','2019-04-11 07:48:55','lklk','lklk'),(591,1009,1009,8,'4','20180126',NULL,0,NULL,828493,275178,1104000,'20180131','2019-04-11 08:00:53','2019-04-11 08:00:53','lklk','lklk'),(598,1009,1009,10,'2',NULL,NULL,0,NULL,739726,0,739726,'20180225','2019-04-11 08:37:20','2019-04-11 08:37:20','lklk','lklk'),(599,1009,1009,11,'4','20180326',NULL,0,NULL,828493,2109698,1200000,'20180510','2019-04-11 08:39:43','2019-04-11 08:39:43','lklk','lklk'),(604,1009,1009,13,'4',NULL,NULL,0,NULL,443835,0,1500000,'20180511','2019-04-11 08:43:51','2019-04-11 08:43:51','lklk','lklk');
/*!40000 ALTER TABLE `receiveinfo` ENABLE KEYS */;
UNLOCK TABLES;

--
-- Table structure for table `repaymentinfo`
--

DROP TABLE IF EXISTS `repaymentinfo`;
/*!40101 SET @saved_cs_client     = @@character_set_client */;
/*!50503 SET character_set_client = utf8mb4 */;
CREATE TABLE `repaymentinfo` (
  `re_id` int(11) NOT NULL AUTO_INCREMENT COMMENT '상환정보 key',
  `cnum` int(11) NOT NULL COMMENT '고객정보key',
  `loan_num` int(11) NOT NULL COMMENT '대출정보key',
  `repay_count` int(11) NOT NULL COMMENT '납입회차',
  `re_calterm_sday` char(10) NOT NULL COMMENT '납입회차이자시작일',
  `re_calterm_eday` char(10) NOT NULL COMMENT '납입회자이자종료일',
  `re_cal_day` int(5) NOT NULL COMMENT '계산일수',
  `re_pay_day` int(2) NOT NULL COMMENT '매월 납입일',
  `re_irt_day` char(10) NOT NULL COMMENT '납부스케줄용 납입일',
  `re_normal_irt` double(5,2) NOT NULL COMMENT '정상이자율',
  `re_normal_cost` bigint(11) NOT NULL COMMENT '정상납부할 이자금액',
  `re_overdue_irt` double(5,2) NOT NULL COMMENT '연체이자율',
  `re_pay_cost` bigint(11) NOT NULL COMMENT '납부 할 원금',
  `re_pay_sum_cost` bigint(11) NOT NULL COMMENT '납부 할 이자원금 합 금액',
  `re_balance_cost` bigint(11) NOT NULL COMMENT '대출잔액',
  `re_grade` char(6) NOT NULL COMMENT '상태',
  `mangi_flg` char(1) NOT NULL COMMENT '만기플래그',
  `createDate` timestamp NOT NULL DEFAULT CURRENT_TIMESTAMP COMMENT '최초등록일시',
  `updateDate` timestamp NOT NULL DEFAULT '0000-00-00 00:00:00' COMMENT '수정일시',
  `createUser` varchar(20) NOT NULL COMMENT '최초등록자',
  `updateUser` varchar(20) NOT NULL COMMENT '수정자',
  PRIMARY KEY (`cnum`,`loan_num`,`repay_count`),
  UNIQUE KEY `re_id_UNIQUE` (`re_id`),
  KEY `repaymentInfo_ibfk_1_idx` (`cnum`,`loan_num`)
) ENGINE=InnoDB AUTO_INCREMENT=606 DEFAULT CHARSET=utf8 COMMENT='상환정보';
/*!40101 SET character_set_client = @saved_cs_client */;

--
-- Dumping data for table `repaymentinfo`
--

LOCK TABLES `repaymentinfo` WRITE;
/*!40000 ALTER TABLE `repaymentinfo` DISABLE KEYS */;
INSERT INTO `repaymentinfo` VALUES (218,1002,1002,1,'20170421','20170516',25,0,'20170525',16.50,235068,27.90,20000000,20235068,0,'5','Y','2019-03-27 06:24:13','2019-03-27 08:11:59','lklk','lklk'),(525,1003,1003,1,'20170610','20170620',10,0,'20170625',15.50,154150,27.90,33000000,33154150,0,'5','Y','2019-04-04 06:42:55','2019-04-04 07:51:12','lklk','lklk'),(263,1004,1004,1,'20170411','20170505',25,5,'20170505',16.90,231506,27.90,0,231506,20000000,'2','N','2019-03-28 04:46:42','2019-03-28 04:46:42','lklk','lklk'),(264,1004,1004,2,'20170506','20170605',31,5,'20170605',16.90,287068,27.90,0,287068,20000000,'2','N','2019-03-28 04:46:42','2019-03-28 04:46:42','lklk','lklk'),(265,1004,1004,3,'20170606','20170612',6,0,'20170705',16.90,64821,27.90,20000000,20064821,0,'5','Y','2019-03-28 04:46:42','2019-03-28 04:55:04','lklk','lklk'),(287,1005,1005,1,'20170511','20170525',15,25,'20170525',18.50,152054,27.90,0,152054,20000000,'2','N','2019-03-28 05:16:29','2019-03-28 05:16:29','lklk','lklk'),(288,1005,1005,2,'20170526','20170615',20,15,'20170625',18.50,321041,27.90,0,314246,20000000,'5','Y','2019-03-28 05:16:29','2019-03-28 07:13:30','lklk','lklk'),(194,1006,1006,1,'20170425','20170525',31,25,'20170525',13.50,458630,27.90,0,458630,40000000,'2','N','2019-03-27 05:47:24','2019-03-27 05:47:24','lklk','lklk'),(195,1006,1006,2,'20170526','20170621',26,0,'20170625',13.50,399452,27.90,40000000,40399452,0,'5','Y','2019-03-27 05:47:24','2019-03-27 06:05:32','lklk','lklk'),(361,1007,1007,1,'20170711','20170725',15,25,'20170725',14.00,339452,27.90,0,339452,59000000,'2','N','2019-04-04 03:51:25','2019-04-04 03:51:25','lklk','lklk'),(362,1007,1007,2,'20170726','20170825',31,25,'20170825',14.00,701534,27.90,0,701534,59000000,'2','N','2019-04-04 03:51:25','2019-04-04 03:51:25','lklk','lklk'),(363,1007,1007,3,'20170826','20170925',31,25,'20170925',14.00,701534,27.90,0,701534,59000000,'2','N','2019-04-04 03:51:25','2019-04-04 03:51:25','lklk','lklk'),(364,1007,1007,4,'20170926','20171025',30,25,'20171025',14.00,678904,27.90,0,678904,59000000,'2','N','2019-04-04 03:51:25','2019-04-04 03:51:25','lklk','lklk'),(365,1007,1007,5,'20171026','20171129',34,29,'20171125',14.00,701534,27.90,0,701534,59000000,'4','N','2019-04-04 03:51:25','2019-04-04 07:47:52','lklk','lklk'),(549,1007,1007,7,'20171130','20171225',26,25,'20171225',14.00,588383,27.90,0,588383,59000000,'2','N','2019-04-04 07:47:52','2019-04-04 07:47:52','lklk','lklk'),(550,1007,1007,8,'20171226','20180125',31,25,'20180125',14.00,701534,27.90,0,701534,59000000,'2','N','2019-04-04 07:47:52','2019-04-04 07:47:52','lklk','lklk'),(551,1007,1007,9,'20180126','20180225',31,25,'20180225',14.00,701534,27.90,0,701534,59000000,'2','N','2019-04-04 07:47:52','2019-04-04 07:47:52','lklk','lklk'),(552,1007,1007,10,'20180226','20180325',28,25,'20180325',14.00,633643,27.90,0,633643,59000000,'2','N','2019-04-04 07:47:52','2019-04-04 07:47:52','lklk','lklk'),(553,1007,1007,11,'20180326','20180425',31,25,'20180425',14.00,701534,27.90,0,701534,59000000,'2','N','2019-04-04 07:47:52','2019-04-04 07:47:52','lklk','lklk'),(554,1007,1007,12,'20180426','20180525',30,25,'20180525',14.00,678904,27.90,0,678904,59000000,'2','N','2019-04-04 07:47:52','2019-04-04 07:47:52','lklk','lklk'),(555,1007,1007,13,'20180526','20180625',31,25,'20180625',14.00,701534,27.90,0,701534,59000000,'2','N','2019-04-04 07:47:52','2019-04-04 07:47:52','lklk','lklk'),(556,1007,1007,14,'20180626','20180725',30,25,'20180725',14.00,678904,27.90,0,678904,59000000,'2','N','2019-04-04 07:47:52','2019-04-04 07:47:52','lklk','lklk'),(557,1007,1007,15,'20180726','20180825',31,25,'20180825',14.00,701534,27.90,0,701534,59000000,'2','N','2019-04-04 07:47:52','2019-04-04 07:47:52','lklk','lklk'),(558,1007,1007,16,'20180826','20180925',31,25,'20180925',14.00,701534,27.90,0,701534,59000000,'2','N','2019-04-04 07:47:52','2019-04-04 07:47:52','lklk','lklk'),(559,1007,1007,17,'20180926','20181025',30,25,'20181025',14.00,678904,27.90,0,678904,59000000,'2','N','2019-04-04 07:47:52','2019-04-04 07:47:52','lklk','lklk'),(560,1007,1007,18,'20181026','20181125',31,25,'20181125',14.00,701534,27.90,0,701534,59000000,'2','N','2019-04-04 07:47:52','2019-04-04 07:47:52','lklk','lklk'),(561,1007,1007,19,'20181126','20181225',30,25,'20181225',14.00,678904,27.90,0,678904,59000000,'2','N','2019-04-04 07:47:52','2019-04-04 07:47:52','lklk','lklk'),(562,1007,1007,20,'20181226','20190125',31,25,'20190125',14.00,701534,27.90,0,701534,59000000,'2','N','2019-04-04 07:47:52','2019-04-04 07:47:52','lklk','lklk'),(563,1007,1007,21,'20190126','20190225',31,25,'20190225',14.00,701534,27.90,0,701534,59000000,'2','N','2019-04-04 07:47:52','2019-04-04 07:47:52','lklk','lklk'),(564,1007,1007,22,'20190226','20190325',28,25,'20190325',14.00,633643,27.90,0,633643,59000000,'2','N','2019-04-04 07:47:52','2019-04-04 07:47:52','lklk','lklk'),(565,1007,1007,23,'20190326','20190425',31,25,'20190425',14.00,701534,27.90,0,701534,59000000,'2','N','2019-04-04 07:47:52','2019-04-04 07:47:52','lklk','lklk'),(566,1007,1007,24,'20190426','20190525',30,25,'20190525',14.00,678904,27.90,0,678904,59000000,'2','N','2019-04-04 07:47:52','2019-04-04 07:47:52','lklk','lklk'),(567,1007,1007,25,'20190526','20190625',31,25,'20190625',14.00,701534,27.90,0,701534,59000000,'2','N','2019-04-04 07:47:52','2019-04-04 07:47:52','lklk','lklk'),(568,1007,1007,26,'20190626','20190710',15,10,'20190710',14.00,339452,27.90,59000000,59339452,0,'2','Y','2019-04-04 07:47:52','2019-04-04 07:47:52','lklk','lklk'),(429,1008,1008,1,'20190306','20190405',31,5,'20190405',12.00,50958,24.00,0,50958,5000000,'2','N','2019-04-04 06:23:23','2019-04-04 06:23:23','knoone','knoone'),(430,1008,1008,2,'20190406','20190505',30,5,'20190505',12.00,49315,24.00,0,49315,5000000,'2','N','2019-04-04 06:23:23','2019-04-04 06:23:23','knoone','knoone'),(431,1008,1008,3,'20190506','20190605',31,5,'20190605',12.00,50958,24.00,0,50958,5000000,'2','N','2019-04-04 06:23:23','2019-04-04 06:23:23','knoone','knoone'),(432,1008,1008,4,'20190606','20190705',30,5,'20190705',12.00,49315,24.00,0,49315,5000000,'2','N','2019-04-04 06:23:23','2019-04-04 06:23:23','knoone','knoone'),(433,1008,1008,5,'20190706','20190805',31,5,'20190805',12.00,50958,24.00,0,50958,5000000,'2','N','2019-04-04 06:23:23','2019-04-04 06:23:23','knoone','knoone'),(434,1008,1008,6,'20190806','20190905',31,5,'20190905',12.00,50958,24.00,0,50958,5000000,'2','N','2019-04-04 06:23:23','2019-04-04 06:23:23','knoone','knoone'),(435,1008,1008,7,'20190906','20191005',30,5,'20191005',12.00,49315,24.00,0,49315,5000000,'2','N','2019-04-04 06:23:23','2019-04-04 06:23:23','knoone','knoone'),(436,1008,1008,8,'20191006','20191105',31,5,'20191105',12.00,50958,24.00,0,50958,5000000,'2','N','2019-04-04 06:23:23','2019-04-04 06:23:23','knoone','knoone'),(437,1008,1008,9,'20191106','20191205',30,5,'20191205',12.00,49315,24.00,0,49315,5000000,'2','N','2019-04-04 06:23:23','2019-04-04 06:23:23','knoone','knoone'),(438,1008,1008,10,'20191206','20200105',31,5,'20200105',12.00,50958,24.00,0,50958,5000000,'2','N','2019-04-04 06:23:23','2019-04-04 06:23:23','knoone','knoone'),(439,1008,1008,11,'20200106','20200205',31,5,'20200205',12.00,50958,24.00,0,50958,5000000,'2','N','2019-04-04 06:23:23','2019-04-04 06:23:23','knoone','knoone'),(440,1008,1008,12,'20200206','20200305',29,5,'20200305',12.00,47671,24.00,0,47671,5000000,'2','N','2019-04-04 06:23:23','2019-04-04 06:23:23','knoone','knoone'),(441,1008,1008,13,'20200306','20200405',31,5,'20200405',12.00,50958,24.00,0,50958,5000000,'2','N','2019-04-04 06:23:23','2019-04-04 06:23:23','knoone','knoone'),(442,1008,1008,14,'20200406','20200505',30,5,'20200505',12.00,49315,24.00,0,49315,5000000,'2','N','2019-04-04 06:23:23','2019-04-04 06:23:23','knoone','knoone'),(443,1008,1008,15,'20200506','20200605',31,5,'20200605',12.00,50958,24.00,0,50958,5000000,'2','N','2019-04-04 06:23:23','2019-04-04 06:23:23','knoone','knoone'),(444,1008,1008,16,'20200606','20200705',30,5,'20200705',12.00,49315,24.00,0,49315,5000000,'2','N','2019-04-04 06:23:23','2019-04-04 06:23:23','knoone','knoone'),(445,1008,1008,17,'20200706','20200805',31,5,'20200805',12.00,50958,24.00,0,50958,5000000,'2','N','2019-04-04 06:23:23','2019-04-04 06:23:23','knoone','knoone'),(446,1008,1008,18,'20200806','20200905',31,5,'20200905',12.00,50958,24.00,0,50958,5000000,'2','N','2019-04-04 06:23:23','2019-04-04 06:23:23','knoone','knoone'),(447,1008,1008,19,'20200906','20201005',30,5,'20201005',12.00,49315,24.00,0,49315,5000000,'2','N','2019-04-04 06:23:23','2019-04-04 06:23:23','knoone','knoone'),(448,1008,1008,20,'20201006','20201105',31,5,'20201105',12.00,50958,24.00,0,50958,5000000,'2','N','2019-04-04 06:23:23','2019-04-04 06:23:23','knoone','knoone'),(449,1008,1008,21,'20201106','20201205',30,5,'20201205',12.00,49315,24.00,0,49315,5000000,'2','N','2019-04-04 06:23:23','2019-04-04 06:23:23','knoone','knoone'),(450,1008,1008,22,'20201206','20210105',31,5,'20210105',12.00,50958,24.00,0,50958,5000000,'2','N','2019-04-04 06:23:23','2019-04-04 06:23:23','knoone','knoone'),(451,1008,1008,23,'20210106','20210205',31,5,'20210205',12.00,50958,24.00,0,50958,5000000,'2','N','2019-04-04 06:23:23','2019-04-04 06:23:23','knoone','knoone'),(452,1008,1008,24,'20210206','20210305',28,5,'20210305',12.00,46027,24.00,5000000,5046027,0,'2','Y','2019-04-04 06:23:23','2019-04-04 06:23:23','knoone','knoone'),(569,1009,1009,1,'20170727','20170825',30,25,'20170825',18.00,887671,27.90,0,887671,60000000,'2','N','2019-04-11 06:29:51','2019-04-11 06:29:51','lklk','lklk'),(570,1009,1009,2,'20170826','20170926',31,26,'20170925',18.00,917260,27.90,0,917260,60000000,'4','N','2019-04-11 06:29:51','2019-04-11 06:54:34','lklk','lklk'),(581,1009,1009,4,'20170927','20171025',29,25,'20171025',18.00,858082,27.90,0,858082,60000000,'2','N','2019-04-11 06:54:34','2019-04-11 06:54:34','lklk','lklk'),(582,1009,1009,5,'20171026','20171125',31,25,'20171125',18.00,917260,27.90,0,917260,60000000,'2','N','2019-04-11 06:54:34','2019-04-11 06:54:34','lklk','lklk'),(583,1009,1009,6,'20171126','20171228',32,28,'20171225',18.00,887671,27.90,0,887671,60000000,'4','N','2019-04-11 06:54:34','2019-04-11 07:48:55','lklk','lklk'),(591,1009,1009,8,'20171229','20180131',33,31,'20180125',18.00,828493,27.90,0,828493,60000000,'4','N','2019-04-11 07:48:56','2019-04-11 08:00:53','lklk','lklk'),(598,1009,1009,10,'20180201','20180225',25,25,'20180225',18.00,739726,27.90,0,739726,60000000,'2','N','2019-04-11 08:00:53','2019-04-11 08:00:53','lklk','lklk'),(599,1009,1009,11,'20180226','20180510',73,10,'20180325',18.00,828493,27.90,0,828493,60000000,'4','N','2019-04-11 08:00:53','2019-04-11 08:39:43','lklk','lklk'),(604,1009,1009,13,'20180511','20180525',15,25,'20180525',18.00,443835,27.90,0,443835,60000000,'2','N','2019-04-11 08:39:43','2019-04-11 08:39:43','lklk','lklk'),(605,1009,1009,14,'20180526','20180726',62,26,'20180726',18.00,1834520,27.90,60000000,61834520,0,'2','Y','2019-04-11 08:39:43','2019-04-11 08:39:43','lklk','lklk');
/*!40000 ALTER TABLE `repaymentinfo` ENABLE KEYS */;
UNLOCK TABLES;

--
-- Table structure for table `secuthin`
--

DROP TABLE IF EXISTS `secuthin`;
/*!40101 SET @saved_cs_client     = @@character_set_client */;
/*!50503 SET character_set_client = utf8mb4 */;
CREATE TABLE `secuthin` (
  `loan_num` int(11) NOT NULL COMMENT '대출정보 key',
  `secu_num` int(11) NOT NULL AUTO_INCREMENT COMMENT '물건정보 key',
  `building` char(6) DEFAULT NULL COMMENT '물건지종류',
  `regi_num` varchar(120) DEFAULT NULL COMMENT '등기번호',
  `rubb_post` varchar(35) DEFAULT NULL COMMENT '물건지우편번호',
  `rubb_addr1` char(6) DEFAULT NULL COMMENT '물건지주소1',
  `rubb_addr1_1` char(6) DEFAULT NULL COMMENT '물건지주소2',
  `rubb_addr2` varchar(625) DEFAULT NULL COMMENT '물건지상세주소',
  `ex_area` varchar(7) DEFAULT NULL COMMENT '물건지전용면적',
  `market_price` char(6) DEFAULT NULL COMMENT '물건지시세종류',
  `deal` char(6) DEFAULT NULL COMMENT '물건지거래가종류',
  `deal_cost` bigint(11) DEFAULT NULL COMMENT '물건지거래가종류의 값',
  `judge_cost` bigint(11) DEFAULT NULL COMMENT '물건지심사기준가',
  `contra_cost` bigint(11) DEFAULT NULL COMMENT '물건지매매가',
  `finance_inst` varchar(120) DEFAULT NULL COMMENT '물건지 선순위금융기관',
  `bondmax_cost` bigint(11) DEFAULT NULL COMMENT '물건지채권죄고액',
  `principal_cost` bigint(11) DEFAULT NULL COMMENT '물건지등기부원금',
  `comprincipal_cost` bigint(11) DEFAULT NULL COMMENT '물건지전산원금',
  `market_price_ltv` char(6) DEFAULT NULL COMMENT '물건지기준LTV종류',
  `ltv_bondmax` double(5,2) DEFAULT NULL COMMENT 'LTV채권최고액대비',
  `rubb_ltv_principal` double(5,2) DEFAULT NULL COMMENT '물건지LTV등기부원금대비',
  `rubb_ltv_comprincipal` double(5,2) DEFAULT NULL COMMENT '물건지LTV전산원금대비',
  `st_ltv_bondmax` double(5,2) DEFAULT NULL COMMENT '심사기준LTV채권최고액대비',
  `st_ltv_principal` double(5,2) DEFAULT NULL COMMENT '심사기준물건지LTV등기부원금대비',
  `st_ltv_comprincipal` double(5,2) DEFAULT NULL COMMENT '심사기준물건지LTV전산원금대비',
  `rubb_memo` varchar(255) DEFAULT NULL COMMENT '물건지메모',
  `createDate` timestamp NOT NULL DEFAULT CURRENT_TIMESTAMP COMMENT '최초등록일시',
  `updateDate` timestamp NOT NULL DEFAULT '0000-00-00 00:00:00' COMMENT '수정일시',
  `createUser` varchar(20) NOT NULL COMMENT '최초등록자',
  `updateUser` varchar(20) NOT NULL COMMENT '수정자',
  `su_area` varchar(7) DEFAULT NULL COMMENT '공급면적',
  PRIMARY KEY (`secu_num`,`loan_num`),
  KEY `secuThin_ibfk_2` (`loan_num`),
  KEY `secuThin_ibfk_1` (`loan_num`),
  CONSTRAINT `secuThin_ibfk_1` FOREIGN KEY (`loan_num`) REFERENCES `loaninfo` (`loan_num`)
) ENGINE=InnoDB AUTO_INCREMENT=2 DEFAULT CHARSET=utf8 COMMENT='담보물건테이블';
/*!40101 SET character_set_client = @saved_cs_client */;

--
-- Dumping data for table `secuthin`
--

LOCK TABLES `secuthin` WRITE;
/*!40000 ALTER TABLE `secuthin` DISABLE KEYS */;
INSERT INTO `secuthin` VALUES (1002,1,'2','13411996034237',NULL,'10','27','bTkmRLoCG8nKss3C0jETrzxE1qGymCdw/YcKKWCdZeheYAChd/tdHNRAf83k0Ni1o4d0ZiRP3nYh9K55LiGELQ==','59.91','2','2',282500000,280000000,NULL,'현대해상',237720000,198100000,198100000,NULL,91.23,0.00,77.20,77.20,77.89,77.89,NULL,'2019-03-19 06:13:52','2019-03-19 06:22:05','knoone','lk0203','79.33'),(1003,1,'2','27422009004210',NULL,'2','22','5FjBVu+CALEoGpWKdqCrNAEdEAJSdlBZDcZvom7ILi63TA8b4wRmA1yrCkV9ZDk7vX3gGlMpgf2ZUXAhbkKdUQ==','84.36','2','2',510000000,500000000,500000000,'흥국화재',240000000,200000000,200000000,NULL,53.53,0.00,45.69,45.69,46.60,46.60,NULL,'2019-03-19 06:31:37','2019-03-19 06:31:37','lk0203','lk0203','112.32'),(1004,1,'2','1492008001095',NULL,'5','6','0tA5CV4bifvIupf9K+bRgFGAWqEvAR3OuYz2a5+SHt/s/zl9AZq8L6IdrzyNx/w6Tc72GtJAx+ursVXZ46Vx8/QQj5C2XgJIgAqK1pfHQgY=','59.81','2','2',252500000,250000000,NULL,'국민은행',210000000,175000000,170000000,NULL,91.09,0.00,75.25,77.23,78.00,76.00,NULL,'2019-03-19 06:46:10','2019-03-19 06:46:10','lk0203','lk0203','79.33'),(1005,1,'2','13551996502539',NULL,'10','22','K4fbWC1NwS3A/XuzUKuH8FRsrYnDoxKoSUq/JWg5g9R/bjyk6DAYcfWSvrj5ahoiVS0lfdDx1i7Qc/jAsZEx7A==','59.25','2','2',240000000,240000000,NULL,'국민은행',120000000,100000000,100000000,NULL,58.33,0.00,50.00,50.00,50.00,50.00,NULL,'2019-03-19 07:00:46','2019-03-19 07:00:46','lk0203','lk0203','79.33'),(1006,1,NULL,'12012017005243',NULL,'5','7','M4QTkqvMTfSN6Pjh4ZcxE0J1GmqWQTM7ERH7fqDz1sZGCSMNsjBxCqfi7Sp8nSgvbNmP2+s1aahVLt8qzQSi5Q==','74.58','2','2',415000000,400000000,NULL,'남인천농협',345600000,288000000,288000000,NULL,92.92,0.00,79.04,79.04,82.00,82.00,NULL,'2019-03-19 07:41:44','2019-03-19 07:41:44','lk0203','lk0203','100.97'),(1007,1,'2',NULL,NULL,'2','10','egxJFNZHhpc7Bz8mGPvqDro59xVFoBkC8w2BXPOpj5hwX7VyL/iO05j9qVzDh7BH',NULL,'2','2',292500000,NULL,NULL,'하나은행',210000000,175000000,NULL,NULL,91.97,0.00,0.00,80.00,0.00,0.00,NULL,'2019-04-04 03:53:48','2019-04-04 03:53:48','lklk','lklk',NULL),(1009,1,'2',NULL,NULL,'10','2','NVMPZPWE8yhG+VSLMxjJy6QsbdSApJrWr86su7RzefGORENznH218wMpCMEGNbEZ','72.62','2','2',275000000,NULL,NULL,'신한은행',192000000,160000000,NULL,NULL,91.64,0.00,0.00,80.00,0.00,0.00,NULL,'2019-04-11 06:31:46','2019-04-11 06:35:30','lklk','lklk',NULL);
/*!40000 ALTER TABLE `secuthin` ENABLE KEYS */;
UNLOCK TABLES;
/*!40103 SET TIME_ZONE=@OLD_TIME_ZONE */;

/*!40101 SET SQL_MODE=@OLD_SQL_MODE */;
/*!40014 SET FOREIGN_KEY_CHECKS=@OLD_FOREIGN_KEY_CHECKS */;
/*!40014 SET UNIQUE_CHECKS=@OLD_UNIQUE_CHECKS */;
/*!40101 SET CHARACTER_SET_CLIENT=@OLD_CHARACTER_SET_CLIENT */;
/*!40101 SET CHARACTER_SET_RESULTS=@OLD_CHARACTER_SET_RESULTS */;
/*!40101 SET COLLATION_CONNECTION=@OLD_COLLATION_CONNECTION */;
/*!40111 SET SQL_NOTES=@OLD_SQL_NOTES */;

-- Dump completed on 2019-08-05 15:16:37
